Visit_ID,Med_ID,APOE4_rs429358,APOE4_rs7412,APOE4_Genotype,APOE4_Positivity
1,6525,, , , 
1,6495, , , , 
1,6437,TT,CC,E3E3,0
1,6295, , , , 
1,5606, , , , 
1,5724, , , , 
1,5449, , , , 
1,5440, , , , 
1,5428, , , , 
1,5360, , , , 
1,5325, , , , 
1,5297, , , , 
1,5290, , , , 
1,5267, , , , 
1,5231, , , , 
1,9480, , , , 
1,9479, , , , 
1,5216, , , , 
1,5214, , , , 
1,5213, , , , 
1,5207, , , , 
1,5191, , , , 
1,5550, , , , 
1,7439,TT,CC,E3E3,0
1,3796, , , , 
1,3809, , , , 
1,3810, , , , 
1,3814, , , , 
1,3817, , , , 
1,3818, , , , 
1,3831, , , , 
1,3832, , , , 
1,3833, , , , 
1,3840, , , , 
1,3843, , , , 
1,3844, , , , 
1,3847, , , , 
1,3849, , , , 
1,3864, , , , 
1,3865, , , , 
1,3868, , , , 
1,3874, , , , 
1,3878, , , , 
1,3880, , , , 
1,3884, , , , 
1,3887, , , , 
1,3895, , , , 
1,3898, , , , 
1,3906, , , , 
1,3908, , , , 
1,3911, , , , 
1,3912, , , , 
1,3918, , , , 
1,3923, , , , 
1,3924, , , , 
1,3925, , , , 
1,3927, , , , 
1,3928, , , , 
1,3929, , , , 
1,3945, , , , 
1,3946, , , , 
1,3950, , , , 
1,3952, , , , 
1,3958, , , , 
1,3962, , , , 
1,3964, , , , 
1,3965, , , , 
1,3970, , , , 
1,3975, , , , 
1,3983, , , , 
1,3993, , , , 
1,4004, , , , 
1,4006, , , , 
1,4007, , , , 
1,4009, , , , 
1,4011, , , , 
1,4012, , , , 
1,4013, , , , 
1,4014, , , , 
1,4017, , , , 
1,4019, , , , 
1,4022, , , , 
1,4025, , , , 
1,4028, , , , 
1,4029, , , , 
1,4030, , , , 
1,4035, , , , 
1,4036, , , , 
1,4037, , , , 
1,4038, , , , 
1,4041, , , , 
1,4042, , , , 
1,4043, , , , 
1,4044, , , , 
1,4045, , , , 
1,4046, , , , 
1,4047, , , , 
1,4048, , , , 
1,4050, , , , 
1,4054, , , , 
1,4056, , , , 
1,4057, , , , 
1,4058, , , , 
1,4059, , , , 
1,4060, , , , 
1,4061, , , , 
1,4062, , , , 
1,4063, , , , 
1,4064, , , , 
1,4065, , , , 
1,4074, , , , 
1,4075, , , , 
1,4078, , , , 
1,4080, , , , 
1,4081, , , , 
1,4086, , , , 
1,4087, , , , 
1,4090, , , , 
1,4091, , , , 
1,4092, , , , 
1,4093, , , , 
1,4094, , , , 
1,4095, , , , 
1,4098, , , , 
1,4099, , , , 
1,4100, , , , 
1,4101, , , , 
1,4103, , , , 
1,4105,TT,CC,E3E3,0
1,4106,TT,CC,E3E3,0
1,4107,TT,CC,E3E3,0
1,4108,CT,CC,E3E4,1
1,4109,CT,CC,E3E4,1
1,4110,TT,CC,E3E3,0
1,4111, , , , 
1,4112,CC,CC,E4E4,1
1,4113,TT,CC,E3E3,0
1,4114,CT,CC,E3E4,1
1,4115,TT,CC,E3E3,0
1,4117,CT,CC,E3E4,1
1,4118,TT,CT,E2E3,0
1,4119,CT,CC,E3E4,1
1,4120,CT,CC,E3E4,1
1,4121,CT,CC,E3E4,1
1,4122,TT,CC,E3E3,0
1,4123,TT,CC,E3E3,0
1,4124,TT,CC,E3E3,0
1,4125,CT,CC,E3E4,1
1,4126,TT,CC,E3E3,0
1,4127,TT,CC,E3E3,0
1,4128,TT,CC,E3E3,0
1,4129,TT,CC,E3E3,0
1,4130,TT,CC,E3E3,0
1,4131,CC,CC,E4E4,1
1,4133,TT,CC,E3E3,0
1,4134,TT,CC,E3E3,0
1,4135,CT,CC,E3E4,1
1,4136,TT,CC,E3E3,0
1,4137,CT,CC,E3E4,1
1,4139,CT,CC,E3E4,1
1,4140,TT,CC,E3E3,0
1,4141,TT,CT,E2E3,0
1,4142,CT,CT,E2E4,1
1,4143,CT,CC,E3E4,1
1,4144,TT,CC,E3E3,0
1,4145,TT,CC,E3E3,0
1,4146,CT,CC,E3E4,1
1,4147,TT,CC,E3E3,0
1,4148,TT,CT,E2E3,0
1,4149,CT,CC,E3E4,1
1,4150,CT,CT,E2E4,1
1,4151,TT,CT,E2E3,0
1,4153,TT,CC,E3E3,0
1,4155,TT,CC,E3E3,0
1,4156,TT,CC,E3E3,0
1,4157,CC,CC,E4E4,1
1,4158,TT,CC,E3E3,0
1,4159,TT,CT,E2E3,0
1,4160,TT,CT,E2E3,0
1,4161,CT,CC,E3E4,1
1,4162,TT,CC,E3E3,0
1,4163,CC,CC,E4E4,1
1,4164,CT,CC,E3E4,1
1,4165,TT,CC,E3E3,0
1,4167,CT,CC,E3E4,1
1,4168,CT,CC,E3E4,1
1,4169,CT,CC,E3E4,1
1,4170, , , , 
1,4171,TT,CC,E3E3,0
1,4172,CT,CC,E3E4,1
1,4173,CT,CC,E3E4,1
1,4174,TT,CC,E3E3,0
1,4175,CT,CC,E3E4,1
1,4176,CT,CC,E3E4,1
1,4177,TT,CC,E3E3,0
1,4178,CT,CC,E3E4,1
1,4179, , , , 
1,4180,TT,CC,E3E3,0
1,4181,TT,CC,E3E3,0
1,4182,TT,CC,E3E3,0
1,4183,CT,CC,E3E4,1
1,4185, , , , 
1,4186,CT,CC,E3E4,1
1,4187,CT,CT,E2E4,1
1,4189,TT,CC,E3E3,0
1,4190,TT,CC,E3E3,0
1,4192,TT,CC,E3E3,0
1,4194,CT,CC,E3E4,1
1,4195,CT,CT,E2E4,1
1,4196,CC,CC,E4E4,1
1,4198,TT,CC,E3E3,0
1,4199,TT,CT,E2E3,0
1,4200,CT,CC,E3E4,1
1,4201,CT,CC,E3E4,1
1,4202,CT,CC,E3E4,1
1,4203,TT,CC,E3E3,0
1,4205,TT,CC,E3E3,0
1,4206,TT,CT,E2E3,0
1,4207,CT,CC,E3E4,1
1,4208,CC,CC,E4E4,1
1,4209,TT,CC,E3E3,0
1,4210,CC,CC,E4E4,1
1,4211,CT,CC,E3E4,1
1,4212,TT,CC,E3E3,0
1,4213,TT,CC,E3E3,0
1,4215,CT,CC,E3E4,1
1,4216,TT,CC,E3E3,0
1,4217,TT,CC,E3E3,0
1,4220,CT,CC,E3E4,1
1,4221,CT,CC,E3E4,1
1,4222,CT,CC,E3E4,1
1,4223,TT,CC,E3E3,0
1,4224,CT,CC,E3E4,1
1,4226,TT,CT,E2E3,0
1,4227,TT,CC,E3E3,0
1,4228,TT,CT,E2E3,0
1,4229,TT,CC,E3E3,0
1,4230,TT,CC,E3E3,0
1,4231,CT,CT,E2E4,1
1,4232,CT,CC,E3E4,1
1,4234,TT,CC,E3E3,0
1,4235,TT,CC,E3E3,0
1,4238,TT,CC,E3E3,0
1,4239,CC,CC,E4E4,1
1,4240,TT,CC,E3E3,0
1,4241,CT,CT,E2E4,1
1,4242, , , , 
1,4243,TT,CC,E3E3,0
1,4244,TT,CC,E3E3,0
1,4245,TT,CC,E3E3,0
1,4247,TT,CT,E2E3,0
1,4248,CC,CC,E4E4,1
1,4249, , , , 
1,4250,CC,CC,E4E4,1
1,4251,CT,CC,E3E4,1
1,4252,CC,CC,E4E4,1
1,4253,TT,CC,E3E3,0
1,4254,TT,CC,E3E3,0
1,4255,CT,CC,E3E4,1
1,4256,CC,CC,E4E4,1
1,4257,TT,CC,E3E3,0
1,4258,TT,CC,E3E3,0
1,4259,CT,CT,E2E4,1
1,4260, , , , 
1,4261,CT,CC,E3E4,1
1,4263,CT,CC,E3E4,1
1,4264,TT,CC,E3E3,0
1,4265, , , , 
1,4266,TT,CC,E3E3,0
1,4267,CT,CC,E3E4,1
1,4268,TT,CC,E3E3,0
1,4269,CC,CC,E4E4,1
1,4270,TT,CC,E3E3,0
1,4271,TT,CC,E3E3,0
1,4274,CT,CC,E3E4,1
1,4275,CT,CC,E3E4,1
1,4276,CT,CC,E3E4,1
1,4277, , , , 
1,4280,CT,CC,E3E4,1
1,4281,TT,CC,E3E3,0
1,4283,TT,CC,E3E3,0
1,4284,CT,CC,E3E4,1
1,4285,TT,CT,E2E3,0
1,4286,CT,CC,E3E4,1
1,4287,TT,CC,E3E3,0
1,4288,CT,CC,E3E4,1
1,4289,CT,CC,E3E4,1
1,4290,CT,CC,E3E4,1
1,4292,CC,CC,E4E4,1
1,4293,TT,CC,E3E3,0
1,4294,TT,CT,E2E3,0
1,4295,CT,CC,E3E4,1
1,4296,TT,CT,E2E3,0
1,4297,CT,CT,E2E4,1
1,4298,TT,CC,E3E3,0
1,4299,TT,CC,E3E3,0
1,4300,TT,CT,E2E3,0
1,4301,TT,CC,E3E3,0
1,4302,TT,CT,E2E3,0
1,4303,TT,CC,E3E3,0
1,4304,CC,CC,E4E4,1
1,4305,TT,CC,E3E3,0
1,4306,TT,CC,E3E3,0
1,4307,TT,CC,E3E3,0
1,4308, , , , 
1,4309,CT,CC,E3E4,1
1,4310,TT,CC,E3E3,0
1,4311,TT,CC,E3E3,0
1,4312,CT,CC,E3E4,1
1,4313,CT,CT,E2E4,1
1,4314,CT,CC,E3E4,1
1,4315,CT,CC,E3E4,1
1,4316,CT,CC,E3E4,1
1,4317,TT,CC,E3E3,0
1,4318,CT,CC,E3E4,1
1,4319,TT,CC,E3E3,0
1,4320,CT,CC,E3E4,1
1,4321,TT,CC,E3E3,0
1,4323,CT,CC,E3E4,1
1,4324,TT,CC,E3E3,0
1,4325,CT,CC,E3E4,1
1,4327,CT,CC,E3E4,1
1,4328,TT,CC,E3E3,0
1,4329, , , , 
1,4330,TT,CC,E3E3,0
1,4331,CT,CC,E3E4,1
1,4333,CT,CC,E3E4,1
1,4334,TT,CC,E3E3,0
1,4335, , , , 
1,4336,CT,CC,E3E4,1
1,4337,TT,CT,E2E3,0
1,4338,TT,TT,E2E2,0
1,4339,CT,CC,E3E4,1
1,4340, , , , 
1,4341,CT,CT,E2E4,1
1,4342,CT,CT,E2E4,1
1,4343,TT,TT,E2E2,0
1,4346,TT,CT,E2E3,0
1,4347,CT,CC,E3E4,1
1,4348,CT,CC,E3E4,1
1,4349,CT,CC,E3E4,1
1,4351,CC,CC,E4E4,1
1,4352,TT,CC,E3E3,0
1,4353,TT,CC,E3E3,0
1,4354,TT,CC,E3E3,0
1,4355,TT,CC,E3E3,0
1,4356,TT,CC,E3E3,0
1,4357,TT,CT,E2E3,0
1,4358,CT,CC,E3E4,1
1,4360,TT,CC,E3E3,0
1,4361,TT,CC,E3E3,0
1,4362,TT,CC,E3E3,0
1,4363,TT,CT,E2E3,0
1,4364,TT,CC,E3E3,0
1,4365,CT,CC,E3E4,1
1,4366,CT,CC,E3E4,1
1,4367,CT,CC,E3E4,1
1,4368,CT,CT,E2E4,1
1,4369,TT,CC,E3E3,0
1,4370,CT,CC,E3E4,1
1,4371,TT,CT,E2E3,0
1,4372,TT,CT,E2E3,0
1,4373,CT,CC,E3E4,1
1,4374, , , , 
1,4375,TT,CT,E2E3,0
1,4376,TT,CC,E3E3,0
1,4377,TT,CC,E3E3,0
1,4378,CT,CC,E3E4,1
1,4379,TT,CC,E3E3,0
1,4380,TT,CC,E3E3,0
1,4381,TT,CC,E3E3,0
1,4382,CC,CC,E4E4,1
1,4383,CT,CT,E2E4,1
1,4385,TT,CC,E3E3,0
1,4389,TT,CC,E3E3,0
1,4390,TT,CT,E2E3,0
1,4392,TT,CC,E3E3,0
1,4393,TT,CC,E3E3,0
1,4394,CT,CC,E3E4,1
1,4395,CC,CC,E4E4,1
1,4397,CT,CC,E3E4,1
1,4398,TT,CC,E3E3,0
1,4399,TT,CC,E3E3,0
1,4400,TT,CC,E3E3,0
1,4401,TT,CC,E3E3,0
1,4402,TT,CC,E3E3,0
1,4403,CC,CC,E4E4,1
1,4405,CT,CC,E3E4,1
1,4406,TT,CC,E3E3,0
1,4407,CC,CC,E4E4,1
1,4408,TT,CT,E2E3,0
1,4409,TT,CC,E3E3,0
1,4410,TT,CC,E3E3,0
1,4411,CT,CC,E3E4,1
1,4412,CT,CT,E2E4,1
1,4413,CC,CC,E4E4,1
1,4414,TT,CC,E3E3,0
1,4415,TT,CC,E3E3,0
1,4416,TT,CC,E3E3,0
1,4417,TT,CC,E3E3,0
1,4419,TT,CT,E2E3,0
1,4420,CC,CC,E4E4,1
1,4422,CT,CC,E3E4,1
1,4423,TT,CC,E3E3,0
1,4424,TT,CT,E2E3,0
1,4425, , , , 
1,4426,TT,CC,E3E3,0
1,4427,TT,CC,E3E3,0
1,4428,TT,CC,E3E3,0
1,4430,TT,CC,E3E3,0
1,4431,CT,CC,E3E4,1
1,4432,TT,CT,E2E3,0
1,4433,CT,CC,E3E4,1
1,4434,TT,CC,E3E3,0
1,4435,TT,CT,E2E3,0
1,4436,CT,CC,E3E4,1
1,4437,TT,CC,E3E3,0
1,4438,CT,CC,E3E4,1
1,4440,TT,CT,E2E3,0
1,4442,TT,CC,E3E3,0
1,4443,TT,CC,E3E3,0
1,4444,TT,CC,E3E3,0
1,4445,TT,CC,E3E3,0
1,4447,TT,CC,E3E3,0
1,4448,TT,CC,E3E3,0
1,4449,CT,CC,E3E4,1
1,4450,TT,CT,E2E3,0
1,4451,TT,CC,E3E3,0
1,4452,CT,CC,E3E4,1
1,4453,TT,CC,E3E3,0
1,4455,CC,CC,E4E4,1
1,4456,TT,CC,E3E3,0
1,4457,CT,CC,E3E4,1
1,4458,CT,CC,E3E4,1
1,4459,CC,CC,E4E4,1
1,4461,TT,CT,E2E3,0
1,4462,TT,CC,E3E3,0
1,4463,CT,CC,E3E4,1
1,4464,TT,CT,E2E3,0
1,4465,TT,CT,E2E3,0
1,4466,TT,CC,E3E3,0
1,4467,CT,CC,E3E4,1
1,4468,TT,CC,E3E3,0
1,4469,CT,CC,E3E4,1
1,4470,CT,CC,E3E4,1
1,4471,CT,CC,E3E4,1
1,4472,CT,CC,E3E4,1
1,4473,CT,CC,E3E4,1
1,4474,TT,CC,E3E3,0
1,4476,TT,CC,E3E3,0
1,4478,TT,CC,E3E3,0
1,4479,TT,CC,E3E3,0
1,4480,CT,CC,E3E4,1
1,4481,TT,CC,E3E3,0
1,4482,CT,CC,E3E4,1
1,4483,TT,CC,E3E3,0
1,4484,TT,TT,E2E2,0
1,4486,TT,CC,E3E3,0
1,4487,CC,CC,E4E4,1
1,4488,CT,CC,E3E4,1
1,4490,CT,CC,E3E4,1
1,4491,CT,CC,E3E4,1
1,4492,CT,CT,E2E4,1
1,4493,CC,CC,E4E4,1
1,4494, , , , 
1,4495,TT,CC,E3E3,0
1,4497,CT,CC,E3E4,1
1,4498,TT,CT,E2E3,0
1,4499,CT,CC,E3E4,1
1,4501,TT,CC,E3E3,0
1,4502,TT,CC,E3E3,0
1,4503,CT,CC,E3E4,1
1,4504,CT,CC,E3E4,1
1,4505,CT,CC,E3E4,1
1,4507,CT,CC,E3E4,1
1,4508,CT,CC,E3E4,1
1,4509,CT,CC,E3E4,1
1,4510, , , , 
1,4511,TT,CT,E2E3,0
1,4512, , , , 
1,4513,TT,CC,E3E3,0
1,4515,CT,CT,E2E4,1
1,4516,TT,CC,E3E3,0
1,4517, , , , 
1,4519,TT,CC,E3E3,0
1,4521,CT,CC,E3E4,1
1,4522,TT,CC,E3E3,0
1,4523,TT,CC,E3E3,0
1,4524,CT,CC,E3E4,1
1,4525,CT,CT,E2E4,1
1,4527,CT,CC,E3E4,1
1,4528,TT,CC,E3E3,0
1,4529, , , , 
1,4531,CT,CC,E3E4,1
1,4533,CC,CC,E4E4,1
1,4534,TT,CC,E3E3,0
1,4535,TT,CC,E3E3,0
1,4536,TT,CT,E2E3,0
1,4537,TT,CC,E3E3,0
1,4538,TT,CC,E3E3,0
1,4539,CC,CC,E4E4,1
1,4540,CT,CC,E3E4,1
1,4541,CT,CC,E3E4,1
1,4542,TT,CT,E2E3,0
1,4543,TT,CC,E3E3,0
1,4544,TT,CT,E2E3,0
1,4545,TT,CC,E3E3,0
1,4546,TT,CT,E2E3,0
1,4547,TT,CT,E2E3,0
1,4548,CC,CC,E4E4,1
1,4549,TT,CT,E2E3,0
1,4550,TT,CC,E3E3,0
1,4551, , , , 
1,4552,TT,CT,E2E3,0
1,4553,CT,CT,E2E4,1
1,4554,TT,CC,E3E3,0
1,4555,TT,CC,E3E3,0
1,4556,CT,CC,E3E4,1
1,4557,TT,CC,E3E3,0
1,4558,TT,CC,E3E3,0
1,4559,CC,CC,E4E4,1
1,4560,TT,CC,E3E3,0
1,4561,TT,CC,E3E3,0
1,4562, , , , 
1,4563,CT,CC,E3E4,1
1,4565,TT,CC,E3E3,0
1,4566,TT,CT,E2E3,0
1,4567,CT,CT,E2E4,1
1,4568,TT,CC,E3E3,0
1,4570, , , , 
1,4571,CT,CC,E3E4,1
1,4572,CT,CC,E3E4,1
1,4573,CT,CC,E3E4,1
1,4574,TT,CT,E2E3,0
1,4575,TT,CT,E2E3,0
1,4576, , , , 
1,4577,TT,CC,E3E3,0
1,4578,CT,CC,E3E4,1
1,4579,TT,CC,E3E3,0
1,4580,TT,CC,E3E3,0
1,4581,TT,CT,E2E3,0
1,4582,TT,CT,E2E3,0
1,4583,TT,CT,E2E3,0
1,4584,CT,CC,E3E4,1
1,4585,CT,CC,E3E4,1
1,4586,CT,CC,E3E4,1
1,4587,CT,CC,E3E4,1
1,4588,TT,CC,E3E3,0
1,4589,CT,CC,E3E4,1
1,4590,CT,CC,E3E4,1
1,4591,CT,CC,E3E4,1
1,4592,TT,CC,E3E3,0
1,4594,TT,CC,E3E3,0
1,4595,TT,CC,E3E3,0
1,4597,TT,CT,E2E3,0
1,4599,TT,CC,E3E3,0
1,4601,TT,CC,E3E3,0
1,4602,TT,CC,E3E3,0
1,4604,TT,CC,E3E3,0
1,4605,TT,CC,E3E3,0
1,4606,TT,CT,E2E3,0
1,4607,TT,CT,E2E3,0
1,4608,TT,CC,E3E3,0
1,4609,TT,CC,E3E3,0
1,4610,TT,CC,E3E3,0
1,4613,CT,CC,E3E4,1
1,4614,TT,CC,E3E3,0
1,4615,CT,CC,E3E4,1
1,4616,CT,CC,E3E4,1
1,4617,CT,CC,E3E4,1
1,4618,CT,CC,E3E4,1
1,4620,CT,CC,E3E4,1
1,4621,TT,CT,E2E3,0
1,4622,TT,CC,E3E3,0
1,4623,TT,TT,E2E2,0
1,4624,CT,CC,E3E4,1
1,4626,TT,CC,E3E3,0
1,4627,TT,CC,E3E3,0
1,4628,TT,CC,E3E3,0
1,4629,TT,CT,E2E3,0
1,4630,TT,CC,E3E3,0
1,4631,CT,CC,E3E4,1
1,4632,CT,CT,E2E4,1
1,4633,CT,CC,E3E4,1
1,4634,TT,CT,E2E3,0
1,4635,CT,CC,E3E4,1
1,4636,TT,CT,E2E3,0
1,4637,TT,CC,E3E3,0
1,4638,TT,CC,E3E3,0
1,4639,TT,CC,E3E3,0
1,4640,TT,CT,E2E3,0
1,4641,CT,CC,E3E4,1
1,4642,CT,CT,E2E4,1
1,4643,TT,CC,E3E3,0
1,4644,CT,CC,E3E4,1
1,4646,TT,CC,E3E3,0
1,4647,TT,CC,E3E3,0
1,4648,TT,CC,E3E3,0
1,4649,TT,CT,E2E3,0
1,4650,CT,CC,E3E4,1
1,4651,TT,CC,E3E3,0
1,4652,TT,CC,E3E3,0
1,4653,TT,CC,E3E3,0
1,4654,TT,CC,E3E3,0
1,4655,TT,CT,E2E3,0
1,4656,CT,CC,E3E4,1
1,4657,TT,CC,E3E3,0
1,4658,TT,CT,E2E3,0
1,4659,CT,CC,E3E4,1
1,4660,TT,CC,E3E3,0
1,4661,TT,CC,E3E3,0
1,4662,TT,CC,E3E3,0
1,4663,CT,CT,E2E4,1
1,4664,CT,CC,E3E4,1
1,4665,CT,CC,E3E4,1
1,4667,TT,CC,E3E3,0
1,4668,TT,CC,E3E3,0
1,4669,TT,CT,E2E3,0
1,4670,TT,CC,E3E3,0
1,4671,TT,CT,E2E3,0
1,4672,CT,CT,E2E4,1
1,4673,TT,CC,E3E3,0
1,4674,TT,CC,E3E3,0
1,4676,CT,CC,E3E4,1
1,4677,TT,CC,E3E3,0
1,4678,CT,CT,E2E4,1
1,4679,TT,CT,E2E3,0
1,4680,TT,CC,E3E3,0
1,4681,TT,CC,E3E3,0
1,4682,CT,CC,E3E4,1
1,4683,CT,CC,E3E4,1
1,4684,CT,CC,E3E4,1
1,4685,TT,CC,E3E3,0
1,4686,CT,CC,E3E4,1
1,4687,TT,CC,E3E3,0
1,4688,TT,CT,E2E3,0
1,4689,TT,CT,E2E3,0
1,4692,TT,CC,E3E3,0
1,4693,CT,CC,E3E4,1
1,4694,TT,CT,E2E3,0
1,4695,TT,CC,E3E3,0
1,4696,CT,CC,E3E4,1
1,4697, , , , 
1,4698,CT,CT,E2E4,1
1,4699,TT,CC,E3E3,0
1,4700,CT,CC,E3E4,1
1,4701,CT,CC,E3E4,1
1,4703,TT,CC,E3E3,0
1,4705,TT,CC,E3E3,0
1,4706,TT,CT,E2E3,0
1,4707,CT,CC,E3E4,1
1,4708,TT,CC,E3E3,0
1,4709,CT,CC,E3E4,1
1,4711,CT,CC,E3E4,1
1,4712,CT,CC,E3E4,1
1,4713,TT,CT,E2E3,0
1,4714,TT,CC,E3E3,0
1,4715,TT,CC,E3E3,0
1,4716,CC,CC,E4E4,1
1,4717,TT,CT,E2E3,0
1,4718,TT,CC,E3E3,0
1,4719,CT,CC,E3E4,1
1,4720,TT,CC,E3E3,0
1,4721,TT,CC,E3E3,0
1,4722,CT,CC,E3E4,1
1,4723,TT,CT,E2E3,0
1,4724,TT,CC,E3E3,0
1,4725,CT,CC,E3E4,1
1,4726,TT,CC,E3E3,0
1,4727,TT,CT,E2E3,0
1,4728,CT,CC,E3E4,1
1,4729,TT,CC,E3E3,0
1,4731,CT,CC,E3E4,1
1,4732,CT,CC,E3E4,1
1,4733,CT,CC,E3E4,1
1,4735,CT,CC,E3E4,1
1,4736,TT,CC,E3E3,0
1,4737, , , , 
1,4738,TT,CC,E3E3,0
1,4739,CC,CC,E4E4,1
1,4740,TT,CC,E3E3,0
1,4741,CT,CC,E3E4,1
1,4742,TT,CC,E3E3,0
1,4743,TT,CC,E3E3,0
1,4745,CT,CC,E3E4,1
1,4746,CT,CC,E3E4,1
1,4747,TT,CC,E3E3,0
1,4748,TT,CC,E3E3,0
1,4749,CT,CC,E3E4,1
1,4750,TT,CC,E3E3,0
1,4751,CT,CC,E3E4,1
1,4752,TT,CT,E2E3,0
1,4753,TT,CT,E2E3,0
1,4754,CT,CC,E3E4,1
1,4755,TT,CC,E3E3,0
1,4756,CT,CC,E3E4,1
1,4757,TT,TT,E2E2,0
1,4758,TT,CC,E3E3,0
1,4759,CT,CC,E3E4,1
1,4760,TT,CC,E3E3,0
1,4761,TT,CC,E3E3,0
1,4762,TT,CC,E3E3,0
1,4763,CT,CC,E3E4,1
1,4764,TT,CC,E3E3,0
1,4766,TT,CC,E3E3,0
1,4767,CT,CC,E3E4,1
1,4769,CT,CC,E3E4,1
1,4770,TT,CC,E3E3,0
1,4771,CT,CT,E2E4,1
1,4772,TT,CT,E2E3,0
1,4773,CC,CC,E4E4,1
1,4774,CT,CC,E3E4,1
1,4775,TT,CT,E2E3,0
1,4776,TT,CC,E3E3,0
1,4777,TT,CC,E3E3,0
1,4778,CT,CC,E3E4,1
1,4779,TT,CT,E2E3,0
1,4780,CT,CC,E3E4,1
1,4781,TT,CC,E3E3,0
1,4782, , , , 
1,4783,CT,CC,E3E4,1
1,4784, , , , 
1,4785,CT,CC,E3E4,1
1,4786,TT,CC,E3E3,0
1,4787,TT,CC,E3E3,0
1,4788,TT,CC,E3E3,0
1,4789,TT,CC,E3E3,0
1,4790,TT,CC,E3E3,0
1,4791,TT,CC,E3E3,0
1,4793,TT,CC,E3E3,0
1,4794,CT,CT,E2E4,1
1,4795,TT,CC,E3E3,0
1,4797,TT,CC,E3E3,0
1,4798,TT,CC,E3E3,0
1,4801,CT,CC,E3E4,1
1,4802,CC,CC,E4E4,1
1,4803,TT,CC,E3E3,0
1,4804,TT,CC,E3E3,0
1,4805,CT,CC,E3E4,1
1,4806,TT,CT,E2E3,0
1,4807, , , , 
1,4808,TT,CC,E3E3,0
1,4809,TT,CC,E3E3,0
1,4810,TT,TT,E2E2,0
1,4811,CT,CC,E3E4,1
1,4812,TT,CC,E3E3,0
1,4813,TT,CC,E3E3,0
1,4814,CT,CC,E3E4,1
1,4815,TT,CC,E3E3,0
1,4817,TT,CC,E3E3,0
1,4818,TT,CC,E3E3,0
1,4819,CC,CC,E4E4,1
1,4820,CT,CC,E3E4,1
1,4821,TT,CC,E3E3,0
1,4822,TT,CC,E3E3,0
1,4823,TT,CC,E3E3,0
1,4824,CT,CC,E3E4,1
1,4825,CT,CC,E3E4,1
1,4826,TT,CC,E3E3,0
1,4827,CT,CT,E2E4,1
1,4828, , , , 
1,4829,CC,CC,E4E4,1
1,4830, , , , 
1,4834,TT,CC,E3E3,0
1,4836,TT,CC,E3E3,0
1,4837,TT,CC,E3E3,0
1,4840,TT,CC,E3E3,0
1,4841,CT,CC,E3E4,1
1,4842,TT,CC,E3E3,0
1,4843,TT,CC,E3E3,0
1,4844,TT,CC,E3E3,0
1,4845,TT,CC,E3E3,0
1,4846, , , , 
1,4847,CT,CC,E3E4,1
1,4848,CC,CC,E4E4,1
1,4849,TT,CC,E3E3,0
1,4850,TT,CC,E3E3,0
1,4851,TT,CC,E3E3,0
1,4852,TT,CC,E3E3,0
1,4853,CT,CC,E3E4,1
1,4854,TT,CC,E3E3,0
1,4855,TT,CC,E3E3,0
1,4856,CT,CC,E3E4,1
1,4857,CT,CT,E2E4,1
1,4858,TT,CT,E2E3,0
1,4859,TT,CC,E3E3,0
1,4861,CT,CC,E3E4,1
1,4862,TT,CC,E3E3,0
1,4863,CT,CC,E3E4,1
1,4864,TT,CC,E3E3,0
1,4865,TT,CC,E3E3,0
1,4866,TT,CC,E3E3,0
1,4867,CT,CC,E3E4,1
1,4868,TT,CC,E3E3,0
1,4869,TT,CC,E3E3,0
1,4870,CT,CC,E3E4,1
1,4871,CC,CC,E4E4,1
1,4872,CT,CC,E3E4,1
1,4873,TT,CT,E2E3,0
1,4874,TT,CC,E3E3,0
1,4876,TT,CC,E3E3,0
1,4877,CT,CC,E3E4,1
1,4879,CT,CC,E3E4,1
1,4880,CT,CC,E3E4,1
1,4881,CT,CC,E3E4,1
1,4882,TT,CC,E3E3,0
1,4883,TT,CT,E2E3,0
1,4884,TT,CC,E3E3,0
1,4887,TT,CT,E2E3,0
1,4888,TT,CC,E3E3,0
1,4890,CT,CC,E3E4,1
1,4891,CT,CC,E3E4,1
1,4892,CT,CC,E3E4,1
1,4893,CT,CC,E3E4,1
1,4894,TT,CT,E2E3,0
1,4895,TT,CC,E3E3,0
1,4896,TT,CT,E2E3,0
1,4899,TT,CC,E3E3,0
1,4900,TT,CC,E3E3,0
1,4901,TT,CC,E3E3,0
1,4902,TT,CC,E3E3,0
1,4904,CT,CT,E2E4,1
1,4905,TT,CC,E3E3,0
1,4906,TT,CC,E3E3,0
1,4907,CT,CT,E2E4,1
1,4908,TT,TT,E2E2,0
1,4909,TT,CC,E3E3,0
1,4911,TT,CC,E3E3,0
1,4912,CC,CC,E4E4,1
1,4913,TT,CC,E3E3,0
1,4915,CT,CC,E3E4,1
1,4916,CT,CC,E3E4,1
1,4917,TT,CC,E3E3,0
1,4918,TT,CT,E2E3,0
1,4919,TT,CC,E3E3,0
1,4920,TT,CC,E3E3,0
1,4921,CC,CC,E4E4,1
1,4922,TT,CC,E3E3,0
1,4923,TT,CT,E2E3,0
1,4925,TT,CC,E3E3,0
1,4926,TT,CC,E3E3,0
1,4927,CC,CC,E4E4,1
1,4928,TT,CC,E3E3,0
1,4929,TT,CC,E3E3,0
1,4930,CT,CC,E3E4,1
1,4931,TT,CT,E2E3,0
1,4932,TT,CT,E2E3,0
1,4933,TT,CC,E3E3,0
1,4934,TT,CC,E3E3,0
1,4935,CT,CC,E3E4,1
1,4936,CC,CC,E4E4,1
1,4937,TT,CC,E3E3,0
1,4938,TT,CC,E3E3,0
1,4939,TT,CC,E3E3,0
1,4940,TT,CC,E3E3,0
1,4941,CT,CC,E3E4,1
1,4942,CT,CC,E3E4,1
1,4943,TT,CC,E3E3,0
1,4944,TT,CC,E3E3,0
1,4945,CT,CT,E2E4,1
1,4946,CT,CC,E3E4,1
1,4947,TT,CT,E2E3,0
1,4948,CT,CC,E3E4,1
1,4949,CC,CC,E4E4,1
1,4950,CT,CC,E3E4,1
1,4952,TT,CC,E3E3,0
1,4953,TT,CC,E3E3,0
1,4954,TT,CC,E3E3,0
1,4955,TT,CT,E2E3,0
1,4956,CT,CC,E3E4,1
1,4957,CT,CC,E3E4,1
1,4958, , , , 
1,4959,TT,CC,E3E3,0
1,4960,TT,CC,E3E3,0
1,4961,CT,CC,E3E4,1
1,4962,CT,CC,E3E4,1
1,4963,TT,CC,E3E3,0
1,4964,TT,CC,E3E3,0
1,4965,CT,CC,E3E4,1
1,4966,TT,CC,E3E3,0
1,4967,TT,CC,E3E3,0
1,4968,CT,CC,E3E4,1
1,4969, , , , 
1,4970,TT,CC,E3E3,0
1,4971,TT,CC,E3E3,0
1,4972,TT,CC,E3E3,0
1,4973,TT,CC,E3E3,0
1,4974,TT,CC,E3E3,0
1,4975,TT,CC,E3E3,0
1,4976,TT,CT,E2E3,0
1,4977,CT,CT,E2E4,1
1,4978,TT,CC,E3E3,0
1,4979,CT,CC,E3E4,1
1,4980,TT,CC,E3E3,0
1,4981,CT,CC,E3E4,1
1,4982,TT,CT,E2E3,0
1,4983,TT,CC,E3E3,0
1,4984,CT,CC,E3E4,1
1,4985,CT,CC,E3E4,1
1,4986,TT,CC,E3E3,0
1,4987,TT,CC,E3E3,0
1,4988,CT,CT,E2E4,1
1,4990,TT,CC,E3E3,0
1,4991,TT,CC,E3E3,0
1,4992,TT,CC,E3E3,0
1,4993,TT,CT,E2E3,0
1,4994,TT,CT,E2E3,0
1,4995, , , , 
1,4996, , , , 
1,4997,CC,CC,E4E4,1
1,4998,CT,CC,E3E4,1
1,4999,TT,CC,E3E3,0
1,5000,CT,CC,E3E4,1
1,5001, , , , 
1,5003, , , , 
1,5004, , , , 
1,5008, , , , 
1,5012, , , , 
1,5013, , , , 
1,5015, , , , 
1,5017, , , , 
1,5018, , , , 
1,5019, , , , 
1,5024, , , , 
1,5028, , , , 
1,5030, , , , 
1,5031, , , , 
1,5037, , , , 
1,5043, , , , 
1,5047, , , , 
1,5050, , , , 
1,5053, , , , 
1,5054, , , , 
1,5055, , , , 
1,5056, , , , 
1,5057, , , , 
1,5059, , , , 
1,5060, , , , 
1,5063, , , , 
1,5064, , , , 
1,5069, , , , 
1,5072, , , , 
1,5075, , , , 
1,5077, , , , 
1,5082, , , , 
1,5083, , , , 
1,5089, , , , 
1,5090, , , , 
1,5094, , , , 
1,5095, , , , 
1,5103, , , , 
1,5106, , , , 
1,5109, , , , 
1,5110, , , , 
1,5112, , , , 
1,5113, , , , 
1,5119, , , , 
1,5123, , , , 
1,5126, , , , 
1,5128, , , , 
1,5132,CT,CC,E3E4,1
1,5133,CT,CC,E3E4,1
1,5134, , , , 
1,5135,TT,CC,E3E3,0
1,5138, , , , 
1,5142,TT,CT,E2E3,0
1,5145, , , , 
1,5148,TT,CC,E3E3,0
1,5149, , , , 
1,5150, , , , 
1,5151, , , , 
1,5152,TT,CC,E3E3,0
1,5164, , , , 
1,5167,TT,CC,E3E3,0
1,5169,TT,CC,E3E3,0
1,5172,CT,CC,E3E4,1
1,5173,TT,CC,E3E3,0
1,5176,CT,CC,E3E4,1
1,5178,CT,CC,E3E4,1
1,5190, , , , 
1,5194,CT,CT,E2E4,1
1,5195,TT,CC,E3E3,0
1,5196,TT,CC,E3E3,0
1,5197,TT,CC,E3E3,0
1,5199,CT,CC,E3E4,1
1,5201,TT,CC,E3E3,0
1,5203,TT,CC,E3E3,0
1,5204,TT,CC,E3E3,0
1,5210,TT,CC,E3E3,0
1,5222,TT,CC,E3E3,0
1,5227,CC,CC,E4E4,1
1,5229,TT,CC,E3E3,0
1,5232,CT,CC,E3E4,1
1,5245,TT,CC,E3E3,0
1,5247,TT,CC,E3E3,0
1,5252,TT,CC,E3E3,0
1,5253,TT,CC,E3E3,0
1,5254,TT,CC,E3E3,0
1,5264,TT,CT,E2E3,0
1,5266,TT,CC,E3E3,0
1,5277,TT,CC,E3E3,0
1,5280, , , , 
1,5281, , , , 
1,5285,CT,CC,E3E4,1
1,5287, , , , 
1,5289,TT,CC,E3E3,0
1,5293,TT,CC,E3E3,0
1,5296,TT,CC,E3E3,0
1,5302,TT,CC,E3E3,0
1,5307,TT,CC,E3E3,0
1,5308,TT,CC,E3E3,0
1,5311,CT,CC,E3E4,1
1,5313,TT,CC,E3E3,0
1,5317,TT,CC,E3E3,0
1,5318,CT,CC,E3E4,1
1,5320,TT,CT,E2E3,0
1,5321, , , , 
1,5322,TT,CC,E3E3,0
1,5323,CT,CC,E3E4,1
1,5326,TT,CC,E3E3,0
1,5327,TT,CT,E2E3,0
1,5328,CT,CC,E3E4,1
1,5329,CT,CC,E3E4,1
1,5330,CT,CC,E3E4,1
1,5333,TT,CT,E2E3,0
1,5335,TT,CC,E3E3,0
1,5336,CT,CT,E2E4,1
1,5337,TT,CT,E2E3,0
1,5339,CT,CC,E3E4,1
1,5340, , , , 
1,5341,TT,CC,E3E3,0
1,5346,CT,CC,E3E4,1
1,5349,TT,CC,E3E3,0
1,5351,TT,CT,E2E3,0
1,5352, , , , 
1,5353, , , , 
1,5354, , , , 
1,5355,CC,CC,E4E4,1
1,5356,TT,CC,E3E3,0
1,5357,TT,CT,E2E3,0
1,5358, , , , 
1,5361,CT,CC,E3E4,1
1,5362, , , , 
1,5363,CT,CC,E3E4,1
1,5364,TT,CC,E3E3,0
1,5366,TT,CT,E2E3,0
1,5368,TT,CC,E3E3,0
1,5369, , , , 
1,5373,TT,CC,E3E3,0
1,5376,TT,CC,E3E3,0
1,5378,CT,CC,E3E4,1
1,5379,TT,CC,E3E3,0
1,5381, , , , 
1,5382,TT,CT,E2E3,0
1,5383,CT,CC,E3E4,1
1,5384,CT,CC,E3E4,1
1,5385,TT,CC,E3E3,0
1,5386,TT,CC,E3E3,0
1,5387,TT,CC,E3E3,0
1,5388,CT,CT,E2E4,1
1,5390,CT,CC,E3E4,1
1,5391,CT,CC,E3E4,1
1,5392,TT,CC,E3E3,0
1,5393,CT,CT,E2E4,1
1,5394,TT,CT,E2E3,0
1,5395, , , , 
1,5400,TT,CC,E3E3,0
1,5402,TT,CC,E3E3,0
1,5408,TT,CC,E3E3,0
1,5409,CT,CC,E3E4,1
1,5410, , , , 
1,5411,TT,CC,E3E3,0
1,5413,CT,CC,E3E4,1
1,5414, , , , 
1,5415,TT,CC,E3E3,0
1,5416,CT,CC,E3E4,1
1,5429,CT,CC,E3E4,1
1,5433,TT,CC,E3E3,0
1,5437,CT,CC,E3E4,1
1,5438,CT,CC,E3E4,1
1,5439,CT,CC,E3E4,1
1,5444,CT,CC,E3E4,1
1,5445,TT,CC,E3E3,0
1,5446,TT,CC,E3E3,0
1,5447,TT,CC,E3E3,0
1,5448,TT,CC,E3E3,0
1,5451,CT,CC,E3E4,1
1,5453, , , , 
1,5460, , , , 
1,5461, , , , 
1,5465, , , , 
1,5467, , , , 
1,5471, , , , 
1,5473, , , , 
1,5475, , , , 
1,5476, , , , 
1,5478,TT,CC,E3E3,0
1,5479,TT,CC,E3E3,0
1,5480,TT,CC,E3E3,0
1,5486,TT,CC,E3E3,0
1,5487, , , , 
1,5488, , , , 
1,5490,TT,CT,E2E3,0
1,5492, , , , 
1,5494, , , , 
1,5495,TT,CC,E3E3,0
1,5496,CT,CC,E3E4,1
1,5497,TT,CC,E3E3,0
1,5499,TT,CC,E3E3,0
1,5500,TT,CC,E3E3,0
1,5501,CC,CC,E4E4,1
1,5503,CT,CT,E2E4,1
1,5504,CT,CC,E3E4,1
1,5506,CT,CC,E3E4,1
1,5510, , , , 
1,5512, , , , 
1,5516, , , , 
1,5517, , , , 
1,5519, , , , 
1,5521, , , , 
1,5522, , , , 
1,5524, , , , 
1,5531, , , , 
1,5532, , , , 
1,5533, , , , 
1,5535, , , , 
1,5538, , , , 
1,5540, , , , 
1,5542,TT,CC,E3E3,0
1,5545,TT,CC,E3E3,0
1,5546,TT,CT,E2E3,0
1,5547,TT,CC,E3E3,0
1,5548,TT,CC,E3E3,0
1,5549,CT,CC,E3E4,1
1,5556,TT,CC,E3E3,0
1,5565,TT,CC,E3E3,0
1,5567,TT,CC,E3E3,0
1,5569,TT,CC,E3E3,0
1,5574,TT,CC,E3E3,0
1,5575,TT,CC,E3E3,0
1,5577,TT,CC,E3E3,0
1,5578, , , , 
1,5579, , , , 
1,5580, , , , 
1,5582,CC,CC,E4E4,1
1,5585,TT,CC,E3E3,0
1,5588,TT,CC,E3E3,0
1,5589,CC,CC,E4E4,1
1,5590,TT,CC,E3E3,0
1,5593,TT,CC,E3E3,0
1,5596,CT,CC,E3E4,1
1,5598,CT,CC,E3E4,1
1,5599,TT,CC,E3E3,0
1,5601,TT,CC,E3E3,0
1,5602,CT,CC,E3E4,1
1,5603,TT,CC,E3E3,0
1,5604,TT,CC,E3E3,0
1,5605, , , , 
1,5608,CT,CC,E3E4,1
1,5609,CT,CC,E3E4,1
1,5610, , , , 
1,5612,TT,CC,E3E3,0
1,5613,TT,CC,E3E3,0
1,5614,CT,CC,E3E4,1
1,5618,TT,CC,E3E3,0
1,5621,CT,CC,E3E4,1
1,5623,TT,CC,E3E3,0
1,5625,CT,CC,E3E4,1
1,5626,CT,CC,E3E4,1
1,5629,TT,CC,E3E3,0
1,5630,CT,CC,E3E4,1
1,5631,CT,CC,E3E4,1
1,5632,TT,CT,E2E3,0
1,5634,CC,CC,E4E4,1
1,5635,TT,CC,E3E3,0
1,5636,TT,CC,E3E3,0
1,5637,CC,CC,E4E4,1
1,5638,TT,CC,E3E3,0
1,5639,TT,CC,E3E3,0
1,5640,TT,CC,E3E3,0
1,5644,CT,CC,E3E4,1
1,5645,TT,CT,E2E3,0
1,5647,TT,CC,E3E3,0
1,5653,TT,CC,E3E3,0
1,5655,TT,CC,E3E3,0
1,5657,CT,CC,E3E4,1
1,5662,CT,CC,E3E4,1
1,5667,TT,CC,E3E3,0
1,5673,TT,CC,E3E3,0
1,5675,TT,CC,E3E3,0
1,5680,TT,TT,E2E2,0
1,5682,TT,CC,E3E3,0
1,5684,CT,CT,E2E4,1
1,5685,CC,CC,E4E4,1
1,5686,CT,CC,E3E4,1
1,5687, , , , 
1,5689,CT,CC,E3E4,1
1,5693,TT,CC,E3E3,0
1,5700,CT,CC,E3E4,1
1,5702, , , , 
1,5704,CT,CC,E3E4,1
1,5705,TT,CT,E2E3,0
1,5706,CT,CC,E3E4,1
1,5707,TT,CC,E3E3,0
1,5708,TT,CC,E3E3,0
1,5716,TT,CC,E3E3,0
1,5719,TT,CC,E3E3,0
1,5721,TT,CC,E3E3,0
1,5722,TT,CC,E3E3,0
1,5726,TT,CC,E3E3,0
1,5727, , , , 
1,5730,CT,CC,E3E4,1
1,5732,TT,CC,E3E3,0
1,5736,TT,CC,E3E3,0
1,5737,TT,CC,E3E3,0
1,5744,TT,CC,E3E3,0
1,5746,TT,CC,E3E3,0
1,5747,TT,CC,E3E3,0
1,5748,TT,CC,E3E3,0
1,5749,TT,CC,E3E3,0
1,5750,TT,CC,E3E3,0
1,5751,CT,CC,E3E4,1
1,5752, , , , 
1,5753,TT,CC,E3E3,0
1,5754,TT,CC,E3E3,0
1,5756,CC,CC,E4E4,1
1,5759,TT,CC,E3E3,0
1,5763,CT,CC,E3E4,1
1,5764,TT,CC,E3E3,0
1,5765,TT,CC,E3E3,0
1,5767,TT,CC,E3E3,0
1,5770,TT,CT,E2E3,0
1,5772,TT,CC,E3E3,0
1,5774,TT,CC,E3E3,0
1,5776,TT,CC,E3E3,0
1,5777,TT,CC,E3E3,0
1,5779,CT,CC,E3E4,1
1,5780,CT,CC,E3E4,1
1,5783,CT,CC,E3E4,1
1,5784,CT,CC,E3E4,1
1,5785,TT,CC,E3E3,0
1,5786,CT,CC,E3E4,1
1,5787,CT,CC,E3E4,1
1,5788,TT,CC,E3E3,0
1,5789,TT,CC,E3E3,0
1,5791,TT,CC,E3E3,0
1,5792,TT,CC,E3E3,0
1,5795,TT,CC,E3E3,0
1,5797,CT,CC,E3E4,1
1,5798,TT,CC,E3E3,0
1,5801,CT,CC,E3E4,1
1,5802,TT,CC,E3E3,0
1,5804,TT,CC,E3E3,0
1,5805,CT,CC,E3E4,1
1,5812,TT,CT,E2E3,0
1,5813,TT,CC,E3E3,0
1,5815,TT,CT,E2E3,0
1,5817,CC,CC,E4E4,1
1,5819,CT,CC,E3E4,1
1,5820, , , , 
1,5822,CT,CC,E3E4,1
1,5825,CT,CC,E3E4,1
1,5828,TT,CC,E3E3,0
1,5829,TT,CC,E3E3,0
1,5830, , , , 
1,5831,TT,CT,E2E3,0
1,5832,CT,CT,E2E4,1
1,5833, , , , 
1,5834, , , , 
1,5841,CT,CC,E3E4,1
1,5843, , , , 
1,5844, , , , 
1,5847,TT,CC,E3E3,0
1,5849,TT,CC,E3E3,0
1,5854,TT,CC,E3E3,0
1,5855,TT,CC,E3E3,0
1,5858,CT,CC,E3E4,1
1,5859, , , , 
1,5860,TT,CC,E3E3,0
1,5861,TT,CT,E2E3,0
1,5862,TT,CC,E3E3,0
1,5864, , , , 
1,5870,TT,CC,E3E3,0
1,5874,TT,CT,E2E3,0
1,5875,TT,CT,E2E3,0
1,5879,CT,CC,E3E4,1
1,5880,TT,TT,E2E2,0
1,5881,TT,CC,E3E3,0
1,5882,CT,CC,E3E4,1
1,5883,TT,CC,E3E3,0
1,5884,TT,CC,E3E3,0
1,5885, , , , 
1,5886,TT,CC,E3E3,0
1,5887, , , , 
1,5888,CT,CC,E3E4,1
1,5890,TT,CC,E3E3,0
1,5891, , , , 
1,5892,TT,CC,E3E3,0
1,5895,TT,CT,E2E3,0
1,5897, , , , 
1,5898, , , , 
1,5899,TT,CC,E3E3,0
1,5904,TT,CT,E2E3,0
1,5909, , , , 
1,5914, , , , 
1,5915,CT,CC,E3E4,1
1,5916,TT,CC,E3E3,0
1,5918,TT,CC,E3E3,0
1,5919,TT,CC,E3E3,0
1,5920,TT,CC,E3E3,0
1,5921,CT,CC,E3E4,1
1,5922,CT,CC,E3E4,1
1,5923,TT,CC,E3E3,0
1,5924,CT,CC,E3E4,1
1,5926, , , , 
1,5927, , , , 
1,5929,CT,CC,E3E4,1
1,5930, , , , 
1,5935, , , , 
1,5937,CT,CC,E3E4,1
1,5938,CT,CC,E3E4,1
1,5942,TT,CC,E3E3,0
1,5943,TT,CC,E3E3,0
1,5944,TT,CC,E3E3,0
1,5945, , , , 
1,5949,TT,CC,E3E3,0
1,5950, , , , 
1,5951,TT,CC,E3E3,0
1,5953, , , , 
1,5954,TT,CC,E3E3,0
1,5956,TT,CC,E3E3,0
1,5963,TT,CC,E3E3,0
1,5964,CC,CC,E4E4,1
1,5966, , , , 
1,5968, , , , 
1,5969,TT,CT,E2E3,0
1,5970,CT,CC,E3E4,1
1,5971,TT,CC,E3E3,0
1,5972, , , , 
1,5974,TT,CT,E2E3,0
1,5977,TT,CC,E3E3,0
1,5978, , , , 
1,5982,TT,CC,E3E3,0
1,5985,CT,CC,E3E4,1
1,5987,TT,CC,E3E3,0
1,5988,CT,CC,E3E4,1
1,5992,TT,CC,E3E3,0
1,5993,TT,CC,E3E3,0
1,5997, , , , 
1,5999,TT,CC,E3E3,0
1,6000,CT,CC,E3E4,1
1,6002, , , , 
1,6004, , , , 
1,6006,CT,CC,E3E4,1
1,6008,CT,CC,E3E4,1
1,6009,TT,CC,E3E3,0
1,6017,TT,CC,E3E3,0
1,6020, , , , 
1,6023,TT,TT,E2E2,0
1,6026,TT,CC,E3E3,0
1,6027,TT,CC,E3E3,0
1,6037,TT,CC,E3E3,0
1,6042, , , , 
1,6047,TT,CC,E3E3,0
1,6049,CT,CC,E3E4,1
1,6051,TT,CT,E2E3,0
1,6052,CT,CC,E3E4,1
1,6057,CT,CC,E3E4,1
1,6058, , , , 
1,6060,CT,CC,E3E4,1
1,6061,CT,CC,E3E4,1
1,6063, , , , 
1,6065,TT,CC,E3E3,0
1,6066,TT,CC,E3E3,0
1,6067,TT,CC,E3E3,0
1,6069, , , , 
1,6070,TT,CC,E3E3,0
1,6071,CT,CC,E3E4,1
1,6074, , , , 
1,6075, , , , 
1,6076,CT,CC,E3E4,1
1,6078,TT,CC,E3E3,0
1,6079,TT,CC,E3E3,0
1,6081, , , , 
1,6085,TT,CC,E3E3,0
1,6088,TT,CC,E3E3,0
1,6089, , , , 
1,6090,TT,TT,E2E2,0
1,6092,TT,CC,E3E3,0
1,6094, , , , 
1,6095,TT,CC,E3E3,0
1,6097,TT,CC,E3E3,0
1,6098, , , , 
1,6104,TT,CC,E3E3,0
1,6105,TT,CC,E3E3,0
1,6107, , , , 
1,6108,CT,CC,E3E4,1
1,6109,TT,CT,E2E3,0
1,6110, , , , 
1,6111,TT,CC,E3E3,0
1,6113,CT,CC,E3E4,1
1,6115, , , , 
1,6125, , , , 
1,6127, , , , 
1,6131,TT,CC,E3E3,0
1,6133,TT,CC,E3E3,0
1,6134, , , , 
1,6139, , , , 
1,6140,TT,CC,E3E3,0
1,6141,TT,CC,E3E3,0
1,6143,TT,CT,E2E3,0
1,6148,TT,CC,E3E3,0
1,6149,TT,CT,E2E3,0
1,6150, , , , 
1,6151,TT,CC,E3E3,0
1,6154,TT,CC,E3E3,0
1,6156, , , , 
1,6157,CT,CC,E3E4,1
1,6161,TT,CC,E3E3,0
1,6163, , , , 
1,6164,CT,CC,E3E4,1
1,6165, , , , 
1,6167, , , , 
1,6169,CT,CC,E3E4,1
1,6170,CT,CC,E3E4,1
1,6171, , , , 
1,6172, , , , 
1,6173, , , , 
1,6174,TT,CC,E3E3,0
1,6175, , , , 
1,6177,TT,CC,E3E3,0
1,6181, , , , 
1,6182, , , , 
1,6183,TT,CC,E3E3,0
1,6185,TT,CC,E3E3,0
1,6187,TT,CC,E3E3,0
1,6188,CT,CC,E3E4,1
1,6189,TT,CC,E3E3,0
1,6191,TT,CC,E3E3,0
1,6193,CT,CC,E3E4,1
1,6194,TT,CC,E3E3,0
1,6196, , , , 
1,6197,TT,CC,E3E3,0
1,6203,CT,CC,E3E4,1
1,6205,CT,CC,E3E4,1
1,6206,CT,CC,E3E4,1
1,6207,CT,CC,E3E4,1
1,6208,TT,CC,E3E3,0
1,6211, , , , 
1,6215,TT,CC,E3E3,0
1,6216,CT,CC,E3E4,1
1,6222,TT,CC,E3E3,0
1,6223,TT,CC,E3E3,0
1,6225,CT,CC,E3E4,1
1,6226, , , , 
1,6227,CT,CT,E2E4,1
1,6229,TT,CC,E3E3,0
1,6230,CT,CT,E2E4,1
1,6231,TT,CT,E2E3,0
1,6233,TT,CC,E3E3,0
1,6234,TT,CC,E3E3,0
1,6235,TT,CC,E3E3,0
1,6237, , , , 
1,6240, , , , 
1,6241, , , , 
1,6242, , , , 
1,6243, , , , 
1,6244,TT,CC,E3E3,0
1,6245,CT,CC,E3E4,1
1,6246,CT,CC,E3E4,1
1,6247,CT,CC,E3E4,1
1,6249, , , , 
1,6250,CT,CC,E3E4,1
1,6252,CT,CC,E3E4,1
1,6255,TT,CC,E3E3,0
1,6256,TT,CC,E3E3,0
1,6259,CT,CT,E2E4,1
1,6260,TT,CC,E3E3,0
1,6261,CT,CC,E3E4,1
1,6264,TT,CC,E3E3,0
1,6265,TT,CC,E3E3,0
1,6270,TT,CC,E3E3,0
1,6271,CT,CT,E2E4,1
1,6272,CT,CC,E3E4,1
1,6274,TT,CC,E3E3,0
1,6275,TT,CC,E3E3,0
1,6282,TT,CT,E2E3,0
1,6284,TT,CC,E3E3,0
1,6286,TT,CC,E3E3,0
1,6288, , , , 
1,6289,CT,CC,E3E4,1
1,6290,TT,CC,E3E3,0
1,6293, , , , 
1,6297,CT,CC,E3E4,1
1,6301,TT,CC,E3E3,0
1,6304,TT,CC,E3E3,0
1,6305,TT,CT,E2E3,0
1,6307,CT,CC,E3E4,1
1,6308,TT,CT,E2E3,0
1,6309,TT,CC,E3E3,0
1,6310,TT,CC,E3E3,0
1,6312,TT,CC,E3E3,0
1,6314,CT,CC,E3E4,1
1,6315,TT,CC,E3E3,0
1,6317,TT,CC,E3E3,0
1,6318,CT,CC,E3E4,1
1,6319,TT,CC,E3E3,0
1,6322,TT,CC,E3E3,0
1,6323,TT,CC,E3E3,0
1,6324,TT,CC,E3E3,0
1,6325, , , , 
1,6326,CT,CC,E3E4,1
1,6327,CT,CC,E3E4,1
1,6328,TT,CT,E2E3,0
1,6332, , , , 
1,6333,TT,CC,E3E3,0
1,6334,CT,CC,E3E4,1
1,6336,CT,CC,E3E4,1
1,6337,TT,CC,E3E3,0
1,6338,CT,CC,E3E4,1
1,6341,TT,CC,E3E3,0
1,6342, , , , 
1,6344,TT,CC,E3E3,0
1,6345,CT,CC,E3E4,1
1,6346,CT,CT,E2E4,1
1,6348,TT,CC,E3E3,0
1,6350,CT,CT,E2E4,1
1,6352,TT,CC,E3E3,0
1,6353,TT,CC,E3E3,0
1,6355,TT,CC,E3E3,0
1,6356,TT,CC,E3E3,0
1,6358,TT,CC,E3E3,0
1,6361,CT,CC,E3E4,1
1,6364,TT,CC,E3E3,0
1,6366,CT,CC,E3E4,1
1,6368,TT,CC,E3E3,0
1,6369,TT,CC,E3E3,0
1,6370,TT,CC,E3E3,0
1,6371,TT,CC,E3E3,0
1,6374,TT,CT,E2E3,0
1,6375,TT,CT,E2E3,0
1,6376,TT,CC,E3E3,0
1,6377,TT,CT,E2E3,0
1,6380,CC,CC,E4E4,1
1,6381,CT,CC,E3E4,1
1,6383,TT,CC,E3E3,0
1,6384,CC,CC,E4E4,1
1,6385,CT,CT,E2E4,1
1,6386, , , , 
1,6387,TT,CC,E3E3,0
1,6389,CT,CC,E3E4,1
1,6392,TT,CC,E3E3,0
1,6394,TT,CC,E3E3,0
1,6397,TT,CT,E2E3,0
1,6398,TT,CC,E3E3,0
1,6401,TT,CC,E3E3,0
1,6404,CT,CC,E3E4,1
1,6406,CT,CC,E3E4,1
1,6407,TT,CC,E3E3,0
1,6408,TT,CC,E3E3,0
1,6409,TT,CC,E3E3,0
1,6412,TT,CC,E3E3,0
1,6413,TT,CC,E3E3,0
1,6415,TT,CC,E3E3,0
1,6417,CT,CT,E2E4,1
1,6418,TT,CC,E3E3,0
1,6419,TT,CC,E3E3,0
1,6420,CT,CC,E3E4,1
1,6421,TT,CC,E3E3,0
1,6422,TT,CC,E3E3,0
1,6423,TT,CC,E3E3,0
1,6424,TT,CC,E3E3,0
1,6425,TT,CC,E3E3,0
1,6426,TT,CC,E3E3,0
1,6427,TT,CC,E3E3,0
1,6428,TT,CC,E3E3,0
1,6432,TT,CC,E3E3,0
1,6433,CT,CC,E3E4,1
1,6436,TT,CT,E2E3,0
1,6439,CT,CC,E3E4,1
1,6440,TT,CC,E3E3,0
1,6443,TT,CC,E3E3,0
1,6444,CT,CC,E3E4,1
1,6446,TT,CC,E3E3,0
1,6448,TT,CC,E3E3,0
1,6449,TT,CC,E3E3,0
1,6450,CT,CC,E3E4,1
1,6452,CT,CC,E3E4,1
1,6454, , , , 
1,6455,TT,CC,E3E3,0
1,6456,TT,CC,E3E3,0
1,6457,CT,CC,E3E4,1
1,6459,TT,CT,E2E3,0
1,6461,TT,CC,E3E3,0
1,6464,TT,CT,E2E3,0
1,6466,CC,CC,E4E4,1
1,6468,TT,CC,E3E3,0
1,6471,TT,CC,E3E3,0
1,6476,TT,CT,E2E3,0
1,6478, , , , 
1,6480,CT,CC,E3E4,1
1,6481,TT,CC,E3E3,0
1,6482,TT,CT,E2E3,0
1,6483,TT,CC,E3E3,0
1,6486,TT,CC,E3E3,0
1,6487,TT,CC,E3E3,0
1,6488,TT,CC,E3E3,0
1,6489,TT,CC,E3E3,0
1,6490,TT,CC,E3E3,0
1,6492,TT,CC,E3E3,0
1,6493,TT,CC,E3E3,0
1,6497,TT,CT,E2E3,0
1,6498,CT,CC,E3E4,1
1,6500,CT,CC,E3E4,1
1,6502,TT,CT,E2E3,0
1,6504,TT,CC,E3E3,0
1,6505,TT,CC,E3E3,0
1,6506,TT,CC,E3E3,0
1,6507,TT,CC,E3E3,0
1,6510,CT,CC,E3E4,1
1,6513,TT,CC,E3E3,0
1,6516,TT,CC,E3E3,0
1,6519,TT,CC,E3E3,0
1,6521,CT,CT,E2E4,1
1,6522,CT,CC,E3E4,1
1,6523,TT,CC,E3E3,0
1,6527,TT,CC,E3E3,0
1,6528,CT,CC,E3E4,1
1,6530,TT,CC,E3E3,0
1,6534,TT,CC,E3E3,0
1,6535,TT,CC,E3E3,0
1,6537,TT,CC,E3E3,0
1,6538,TT,CT,E2E3,0
1,6539,TT,CC,E3E3,0
1,6540,TT,CC,E3E3,0
1,6545,TT,CC,E3E3,0
1,6546,TT,CC,E3E3,0
1,6549,TT,CC,E3E3,0
1,6550,TT,CC,E3E3,0
1,6551,TT,CC,E3E3,0
1,6552,TT,CC,E3E3,0
1,6553,CT,CC,E3E4,1
1,6555,TT,CC,E3E3,0
1,6556,TT,CC,E3E3,0
1,6559,TT,CC,E3E3,0
1,6560,CT,CC,E3E4,1
1,6561,TT,CC,E3E3,0
1,6564,TT,CC,E3E3,0
1,6565,CT,CT,E2E4,1
1,6566,TT,CC,E3E3,0
1,6571,CT,CC,E3E4,1
1,6574,TT,CC,E3E3,0
1,6575,CT,CC,E3E4,1
1,6576,CT,CC,E3E4,1
1,6581,TT,CC,E3E3,0
1,6583,CT,CC,E3E4,1
1,6585,TT,CC,E3E3,0
1,6586,CT,CC,E3E4,1
1,6588,TT,CC,E3E3,0
1,6589,TT,CC,E3E3,0
1,6590,TT,CC,E3E3,0
1,6591,TT,CC,E3E3,0
1,6594,TT,CC,E3E3,0
1,6597,TT,CC,E3E3,0
1,6598,TT,CC,E3E3,0
1,6602, , , , 
1,6603, , , , 
1,6605,CT,CC,E3E4,1
1,6606,TT,CT,E2E3,0
1,6610,TT,CC,E3E3,0
1,6614,TT,CC,E3E3,0
1,6617,TT,CC,E3E3,0
1,6623,TT,CC,E3E3,0
1,6625, , , , 
1,6627,CT,CC,E3E4,1
1,6629,TT,CC,E3E3,0
1,6632,TT,CC,E3E3,0
1,6639,CT,CC,E3E4,1
1,6641,CT,CC,E3E4,1
1,6645,CT,CT,E2E4,1
1,6651,CT,CC,E3E4,1
1,6652,TT,CC,E3E3,0
1,6658,TT,CC,E3E3,0
1,6660,TT,CC,E3E3,0
1,6663,TT,CC,E3E3,0
1,6670,TT,CC,E3E3,0
1,6672,TT,CT,E2E3,0
1,6673,TT,CC,E3E3,0
1,6674,CT,CC,E3E4,1
1,6676,TT,CC,E3E3,0
1,6679,CT,CC,E3E4,1
1,6682,TT,CC,E3E3,0
1,6683,TT,CC,E3E3,0
1,6685,TT,CC,E3E3,0
1,6689,TT,CT,E2E3,0
1,6690,TT,CC,E3E3,0
1,6691,TT,CC,E3E3,0
1,6693,CT,CC,E3E4,1
1,6696,TT,CC,E3E3,0
1,6699,TT,CC,E3E3,0
1,6701,TT,CC,E3E3,0
1,6703,CT,CC,E3E4,1
1,6705,TT,CC,E3E3,0
1,6708,TT,CC,E3E3,0
1,6709,CT,CC,E3E4,1
1,6710,CT,CC,E3E4,1
1,6712,TT,CC,E3E3,0
1,6713,CT,CC,E3E4,1
1,6714,TT,CC,E3E3,0
1,6715,TT,CC,E3E3,0
1,6719,TT,CC,E3E3,0
1,6720,TT,CC,E3E3,0
1,6728,TT,CT,E2E3,0
1,6731,TT,CT,E2E3,0
1,6736,TT,CC,E3E3,0
1,6737,TT,CC,E3E3,0
1,6741,TT,CC,E3E3,0
1,6742,TT,CT,E2E3,0
1,6744,TT,CC,E3E3,0
1,6748,TT,CT,E2E3,0
1,6749,TT,CC,E3E3,0
1,6750,TT,CC,E3E3,0
1,6752,CT,CC,E3E4,1
1,6753,TT,CC,E3E3,0
1,6754,TT,CT,E2E3,0
1,6755,TT,CC,E3E3,0
1,6757,TT,CC,E3E3,0
1,6761, , , , 
1,6762,TT,CC,E3E3,0
1,6763,TT,CC,E3E3,0
1,6768,TT,CT,E2E3,0
1,6772,CC,CC,E4E4,1
1,6775,TT,CC,E3E3,0
1,6777,CT,CC,E3E4,1
1,6779,CC,CC,E4E4,1
1,6780,TT,CC,E3E3,0
1,6783,TT,CC,E3E3,0
1,6789,TT,CC,E3E3,0
1,6790,TT,CC,E3E3,0
1,6792,TT,CC,E3E3,0
1,6796,TT,CC,E3E3,0
1,6797,TT,CC,E3E3,0
1,6798,TT,CT,E2E3,0
1,6799,TT,CC,E3E3,0
1,6804,TT,CC,E3E3,0
1,6810,TT,CC,E3E3,0
1,6811,TT,CC,E3E3,0
1,6812,TT,CC,E3E3,0
1,6813,TT,CC,E3E3,0
1,6817,TT,CC,E3E3,0
1,6819,TT,CC,E3E3,0
1,6820,CT,CC,E3E4,1
1,6821,TT,CT,E2E3,0
1,6826,TT,CC,E3E3,0
1,6828,TT,CC,E3E3,0
1,6830,TT,CC,E3E3,0
1,6834,TT,CC,E3E3,0
1,6835,TT,CT,E2E3,0
1,6837,TT,CC,E3E3,0
1,6838,TT,CT,E2E3,0
1,6840,CT,CC,E3E4,1
1,6841,TT,CC,E3E3,0
1,6847,TT,CC,E3E3,0
1,6848,TT,CT,E2E3,0
1,6850,TT,CC,E3E3,0
1,6853,TT,CC,E3E3,0
1,6854,CT,CC,E3E4,1
1,6855,TT,CC,E3E3,0
1,6857,TT,CC,E3E3,0
1,6859, , , , 
1,6861,CC,CC,E4E4,1
1,6863,CC,CC,E4E4,1
1,6865,TT,CC,E3E3,0
1,6866,CT,CC,E3E4,1
1,6867,TT,CC,E3E3,0
1,6869,TT,CC,E3E3,0
1,6873,TT,CC,E3E3,0
1,6875,CT,CC,E3E4,1
1,6876,TT,CC,E3E3,0
1,6878,CT,CC,E3E4,1
1,6879,CT,CC,E3E4,1
1,6883,CT,CC,E3E4,1
1,6884,TT,CC,E3E3,0
1,6885,TT,CT,E2E3,0
1,6889,TT,CC,E3E3,0
1,6890,TT,CC,E3E3,0
1,6891,TT,CC,E3E3,0
1,6892,TT,CC,E3E3,0
1,6894,TT,CC,E3E3,0
1,6897,TT,TT,E2E2,0
1,6898,TT,TT,E2E2,0
1,6899,CT,CC,E3E4,1
1,6900,TT,CC,E3E3,0
1,6901,TT,CC,E3E3,0
1,6902,TT,CT,E2E3,0
1,6903,TT,CC,E3E3,0
1,6905,TT,CC,E3E3,0
1,6906,TT,CC,E3E3,0
1,6907,TT,CC,E3E3,0
1,6908,TT,CT,E2E3,0
1,6909,TT,CC,E3E3,0
1,6910,CT,CC,E3E4,1
1,6911,TT,CC,E3E3,0
1,6913,CT,CC,E3E4,1
1,6917,CT,CC,E3E4,1
1,6919,TT,CC,E3E3,0
1,6920,TT,CC,E3E3,0
1,6922,TT,CC,E3E3,0
1,6923,TT,CC,E3E3,0
1,6924,CT,CC,E3E4,1
1,6925,TT,CC,E3E3,0
1,6928,TT,CC,E3E3,0
1,6929,TT,CC,E3E3,0
1,6930,TT,CC,E3E3,0
1,6931,CC,CC,E4E4,1
1,6932,CT,CC,E3E4,1
1,6933,TT,CC,E3E3,0
1,6935,TT,CC,E3E3,0
1,6938,TT,CC,E3E3,0
1,6939,TT,CT,E2E3,0
1,6940,TT,CC,E3E3,0
1,6941,TT,CC,E3E3,0
1,6942,TT,CC,E3E3,0
1,6943,CT,CC,E3E4,1
1,6946,CC,CC,E4E4,1
1,6947,TT,CC,E3E3,0
1,6948,CT,CC,E3E4,1
1,6950,TT,CC,E3E3,0
1,6952,TT,CC,E3E3,0
1,6953,TT,CC,E3E3,0
1,6954,TT,CC,E3E3,0
1,6958,CT,CC,E3E4,1
1,6959,TT,CC,E3E3,0
1,6961,TT,CT,E2E3,0
1,6966,CT,CC,E3E4,1
1,6967,TT,CC,E3E3,0
1,6969,TT,CC,E3E3,0
1,6970,TT,CC,E3E3,0
1,6972,CT,CC,E3E4,1
1,6974,TT,CC,E3E3,0
1,6979,TT,CC,E3E3,0
1,6980,CT,CC,E3E4,1
1,6981,CC,CC,E4E4,1
1,6983,TT,CC,E3E3,0
1,6984,TT,CC,E3E3,0
1,6985,TT,CT,E2E3,0
1,6986,TT,CC,E3E3,0
1,6988,TT,CT,E2E3,0
1,6989,TT,CC,E3E3,0
1,6990,TT,CC,E3E3,0
1,6991,TT,CC,E3E3,0
1,6992,TT,CC,E3E3,0
1,6993,TT,CC,E3E3,0
1,6994,TT,CC,E3E3,0
1,6995,TT,CC,E3E3,0
1,6996,CT,CC,E3E4,1
1,6998,TT,CC,E3E3,0
1,6999,CT,CC,E3E4,1
1,7000,TT,CC,E3E3,0
1,7002,TT,CC,E3E3,0
1,7003,TT,CC,E3E3,0
1,7004,CT,CC,E3E4,1
1,7005,CT,CC,E3E4,1
1,7006,CT,CC,E3E4,1
1,7007,TT,CC,E3E3,0
1,7008,TT,CC,E3E3,0
1,7009,CT,CC,E3E4,1
1,7011,TT,CC,E3E3,0
1,7013,TT,CC,E3E3,0
1,7014,TT,CC,E3E3,0
1,7015,CT,CC,E3E4,1
1,7016,TT,CC,E3E3,0
1,7017, , , , 
1,7018,TT,CC,E3E3,0
1,7019,CT,CC,E3E4,1
1,7020,TT,CT,E2E3,0
1,7022,TT,CC,E3E3,0
1,7023,TT,CC,E3E3,0
1,7024,TT,CC,E3E3,0
1,7025,TT,CT,E2E3,0
1,7026,TT,CT,E2E3,0
1,7027,TT,CC,E3E3,0
1,7029,TT,CC,E3E3,0
1,7032,CT,CC,E3E4,1
1,7033,TT,CC,E3E3,0
1,7034,TT,CC,E3E3,0
1,7035,CT,CC,E3E4,1
1,7036,TT,CC,E3E3,0
1,7037,TT,CC,E3E3,0
1,7038,CT,CC,E3E4,1
1,7039,CT,CC,E3E4,1
1,7040,CT,CC,E3E4,1
1,7041,TT,CC,E3E3,0
1,7042,CT,CC,E3E4,1
1,7043,CT,CC,E3E4,1
1,7044,TT,CC,E3E3,0
1,7045,TT,CC,E3E3,0
1,7046,TT,CC,E3E3,0
1,7047,TT,CC,E3E3,0
1,7048,CT,CC,E3E4,1
1,7049,TT,CT,E2E3,0
1,7050,CT,CC,E3E4,1
1,7051,CT,CC,E3E4,1
1,7052,CT,CC,E3E4,1
1,7053,TT,CC,E3E3,0
1,7054,CT,CC,E3E4,1
1,7055,CT,CC,E3E4,1
1,7056,TT,CC,E3E3,0
1,7059,CT,CC,E3E4,1
1,7061,TT,CC,E3E3,0
1,7062,CT,CC,E3E4,1
1,7063,TT,CC,E3E3,0
1,7064,TT,CC,E3E3,0
1,7065,TT,CC,E3E3,0
1,7066,TT,CC,E3E3,0
1,7067,TT,CC,E3E3,0
1,7068,TT,CC,E3E3,0
1,7070,TT,CC,E3E3,0
1,7072,CT,CC,E3E4,1
1,7073,CT,CC,E3E4,1
1,7074,TT,CC,E3E3,0
1,7075,TT,CC,E3E3,0
1,7076,TT,CC,E3E3,0
1,7077,CT,CC,E3E4,1
1,7078,TT,CC,E3E3,0
1,7079,CT,CC,E3E4,1
1,7082,TT,CC,E3E3,0
1,7083,TT,CC,E3E3,0
1,7084,CT,CC,E3E4,1
1,7085,TT,CC,E3E3,0
1,7086,TT,CC,E3E3,0
1,7087,CT,CC,E3E4,1
1,7088,TT,CC,E3E3,0
1,7089,TT,CC,E3E3,0
1,7090,CT,CC,E3E4,1
1,7091,TT,CC,E3E3,0
1,7093,TT,CC,E3E3,0
1,7094,TT,CC,E3E3,0
1,7095,TT,CC,E3E3,0
1,7096,CC,CC,E4E4,1
1,7097,CT,CC,E3E4,1
1,7098,TT,CC,E3E3,0
1,7099,CT,CC,E3E4,1
1,7100,TT,CC,E3E3,0
1,7101,TT,CC,E3E3,0
1,7102,TT,CC,E3E3,0
1,7103,CT,CT,E2E4,1
1,7104,TT,CC,E3E3,0
1,7106,TT,CC,E3E3,0
1,7107,CT,CC,E3E4,1
1,7109,TT,CC,E3E3,0
1,7110,TT,CT,E2E3,0
1,7111,CT,CC,E3E4,1
1,7113,TT,CC,E3E3,0
1,7115,TT,CC,E3E3,0
1,7118,CT,CC,E3E4,1
1,7119,TT,CT,E2E3,0
1,7120,TT,CC,E3E3,0
1,7121,CT,CC,E3E4,1
1,7122,CT,CT,E2E4,1
1,7123,TT,CC,E3E3,0
1,7124,CT,CC,E3E4,1
1,7125,CT,CC,E3E4,1
1,7126,TT,CC,E3E3,0
1,7127,CT,CT,E2E4,1
1,7128,CT,CC,E3E4,1
1,7129,TT,CC,E3E3,0
1,7130,CT,CC,E3E4,1
1,7131,TT,CC,E3E3,0
1,7133,TT,CC,E3E3,0
1,7134,TT,CC,E3E3,0
1,7135,CT,CC,E3E4,1
1,7136,TT,CC,E3E3,0
1,7137,TT,CC,E3E3,0
1,7138,TT,CC,E3E3,0
1,7139,TT,CC,E3E3,0
1,7140,CT,CC,E3E4,1
1,7141,TT,CC,E3E3,0
1,7143,TT,CC,E3E3,0
1,7145,CT,CC,E3E4,1
1,7146,TT,CC,E3E3,0
1,7147,TT,CC,E3E3,0
1,7148,TT,CC,E3E3,0
1,7149,CT,CC,E3E4,1
1,7150,TT,CC,E3E3,0
1,7151,TT,CC,E3E3,0
1,7152,TT,CC,E3E3,0
1,7153,TT,CC,E3E3,0
1,7154,TT,CC,E3E3,0
1,7155,TT,CC,E3E3,0
1,7156,CT,CC,E3E4,1
1,7157,TT,CC,E3E3,0
1,7158,TT,CC,E3E3,0
1,7159,TT,CC,E3E3,0
1,7160,TT,CT,E2E3,0
1,7161,TT,CC,E3E3,0
1,7162,CT,CT,E2E4,1
1,7163,TT,CC,E3E3,0
1,7164,CT,CC,E3E4,1
1,7165,TT,CC,E3E3,0
1,7166,CT,CC,E3E4,1
1,7168,TT,CC,E3E3,0
1,7169,TT,CC,E3E3,0
1,7170,TT,CC,E3E3,0
1,7171,TT,CC,E3E3,0
1,7172,TT,CC,E3E3,0
1,7173,TT,CC,E3E3,0
1,7174,TT,CC,E3E3,0
1,7175,TT,CC,E3E3,0
1,7176,TT,CT,E2E3,0
1,7177,TT,CC,E3E3,0
1,7178,TT,CC,E3E3,0
1,7179,TT,CC,E3E3,0
1,7181,TT,CC,E3E3,0
1,7182,CT,CC,E3E4,1
1,7183,TT,CC,E3E3,0
1,7184,TT,CC,E3E3,0
1,7185,TT,CC,E3E3,0
1,7186,CT,CC,E3E4,1
1,7188,CT,CC,E3E4,1
1,7189,TT,CC,E3E3,0
1,7190,TT,CC,E3E3,0
1,7192,CT,CC,E3E4,1
1,7193,CT,CC,E3E4,1
1,7194,TT,CT,E2E3,0
1,7195,CT,CC,E3E4,1
1,7196,TT,CC,E3E3,0
1,7197,CT,CC,E3E4,1
1,7198,TT,CT,E2E3,0
1,7199,TT,CC,E3E3,0
1,7200,CT,CC,E3E4,1
1,7201,TT,CC,E3E3,0
1,7202, , , , 
1,7203,TT,CC,E3E3,0
1,7204,TT,CC,E3E3,0
1,7205,TT,CC,E3E3,0
1,7206,TT,CC,E3E3,0
1,7207,TT,CC,E3E3,0
1,7208,TT,CC,E3E3,0
1,7209, , , , 
1,7210,TT,CC,E3E3,0
1,7211,TT,CC,E3E3,0
1,7212,TT,CC,E3E3,0
1,7213,TT,CC,E3E3,0
1,7214,TT,CC,E3E3,0
1,7215,TT,CC,E3E3,0
1,7216,CT,CC,E3E4,1
1,7217,CT,CC,E3E4,1
1,7218,TT,CC,E3E3,0
1,7219,CT,CC,E3E4,1
1,7220,CT,CC,E3E4,1
1,7221,TT,CT,E2E3,0
1,7222,TT,CT,E2E3,0
1,7223,TT,CT,E2E3,0
1,7224,TT,CT,E2E3,0
1,7225,TT,CC,E3E3,0
1,7226,TT,CC,E3E3,0
1,7227,TT,CC,E3E3,0
1,7228,TT,CC,E3E3,0
1,7229,TT,CC,E3E3,0
1,7230,TT,CT,E2E3,0
1,7231,CT,CC,E3E4,1
1,7232,TT,CC,E3E3,0
1,7233,TT,CC,E3E3,0
1,7234,CT,CC,E3E4,1
1,7235,TT,CT,E2E3,0
1,7236,CT,CC,E3E4,1
1,7237,TT,CC,E3E3,0
1,7238,TT,CC,E3E3,0
1,7239,TT,CC,E3E3,0
1,7240,CT,CC,E3E4,1
1,7241,TT,CC,E3E3,0
1,7242,TT,CC,E3E3,0
1,7243,TT,CC,E3E3,0
1,7244,CT,CC,E3E4,1
1,7245,TT,CC,E3E3,0
1,7246,CT,CC,E3E4,1
1,7247,TT,CC,E3E3,0
1,7248,CT,CC,E3E4,1
1,7249,TT,CC,E3E3,0
1,7250,CT,CC,E3E4,1
1,7251,TT,CC,E3E3,0
1,7252,TT,CC,E3E3,0
1,7253,CT,CT,E2E4,1
1,7254,TT,CC,E3E3,0
1,7255,CT,CC,E3E4,1
1,7256,CT,CC,E3E4,1
1,7258,TT,CC,E3E3,0
1,7259,TT,CC,E3E3,0
1,7260,TT,CC,E3E3,0
1,7261,TT,CC,E3E3,0
1,7262,TT,CC,E3E3,0
1,7263,TT,CT,E2E3,0
1,7264,TT,CT,E2E3,0
1,7265,CT,CC,E3E4,1
1,7266,CT,CT,E2E4,1
1,7267,CC,CC,E4E4,1
1,7268,TT,CC,E3E3,0
1,7269,TT,CC,E3E3,0
1,7270,TT,CT,E2E3,0
1,7271,TT,CC,E3E3,0
1,7272,TT,CC,E3E3,0
1,7273,TT,CC,E3E3,0
1,7275,TT,CT,E2E3,0
1,7276,CT,CC,E3E4,1
1,7277,CT,CC,E3E4,1
1,7278,TT,CC,E3E3,0
1,7279,TT,CC,E3E3,0
1,7280,CT,CC,E3E4,1
1,7281, , , , 
1,7282,CT,CC,E3E4,1
1,7284,TT,CC,E3E3,0
1,7285,CT,CC,E3E4,1
1,7286,TT,CC,E3E3,0
1,7287,CT,CC,E3E4,1
1,7288,TT,CC,E3E3,0
1,7289,TT,CC,E3E3,0
1,7290,TT,CC,E3E3,0
1,7291,TT,CC,E3E3,0
1,7292,TT,CT,E2E3,0
1,7293,TT,CC,E3E3,0
1,7294,TT,CC,E3E3,0
1,7295,TT,CC,E3E3,0
1,7296,CT,CC,E3E4,1
1,7297,CT,CC,E3E4,1
1,7298,TT,CC,E3E3,0
1,7299,CT,CC,E3E4,1
1,7301,TT,CC,E3E3,0
1,7302,TT,CT,E2E3,0
1,7303,TT,CC,E3E3,0
1,7305,CT,CC,E3E4,1
1,7306,TT,CC,E3E3,0
1,7307,CT,CC,E3E4,1
1,7308,TT,CC,E3E3,0
1,7309,CT,CC,E3E4,1
1,7310,TT,CC,E3E3,0
1,7312,TT,CC,E3E3,0
1,7313,TT,CC,E3E3,0
1,7314,CT,CC,E3E4,1
1,7315,TT,CC,E3E3,0
1,7316,CT,CC,E3E4,1
1,7318,CT,CC,E3E4,1
1,7319, , , , 
1,7320,TT,CC,E3E3,0
1,7321,TT,CC,E3E3,0
1,7322,TT,CC,E3E3,0
1,7324,CT,CC,E3E4,1
1,7325,TT,CC,E3E3,0
1,7326,CT,CC,E3E4,1
1,7327,TT,CT,E2E3,0
1,7328,TT,CC,E3E3,0
1,7329,CT,CC,E3E4,1
1,7331,CT,CC,E3E4,1
1,7334,TT,CT,E2E3,0
1,7335,TT,CC,E3E3,0
1,7337,TT,CC,E3E3,0
1,7339,TT,CC,E3E3,0
1,7340,TT,CC,E3E3,0
1,7341,CT,CC,E3E4,1
1,7342,CT,CC,E3E4,1
1,7343,TT,CC,E3E3,0
1,7344,TT,CC,E3E3,0
1,7345,TT,CC,E3E3,0
1,7346,CT,CC,E3E4,1
1,7347,TT,CC,E3E3,0
1,7348,CT,CC,E3E4,1
1,7349,CT,CC,E3E4,1
1,7350,TT,CC,E3E3,0
1,7352,TT,CC,E3E3,0
1,7353,TT,CC,E3E3,0
1,7355,TT,CC,E3E3,0
1,7356,CT,CC,E3E4,1
1,7357,TT,CC,E3E3,0
1,7358,TT,CC,E3E3,0
1,7360,TT,CC,E3E3,0
1,7361,TT,CC,E3E3,0
1,7362,TT,CC,E3E3,0
1,7363,TT,CT,E2E3,0
1,7364,TT,CC,E3E3,0
1,7365,TT,CC,E3E3,0
1,7366,CT,CC,E3E4,1
1,7367,TT,CC,E3E3,0
1,7368,TT,CC,E3E3,0
1,7369,TT,CC,E3E3,0
1,7370,CT,CC,E3E4,1
1,7371,CC,CC,E4E4,1
1,7372,TT,CC,E3E3,0
1,7373,TT,CC,E3E3,0
1,7374,TT,CC,E3E3,0
1,7375,CT,CC,E3E4,1
1,7376,TT,CC,E3E3,0
1,7378,TT,CC,E3E3,0
1,7379,TT,CC,E3E3,0
1,7380,TT,CC,E3E3,0
1,7381,TT,CC,E3E3,0
1,7382,CC,CC,E4E4,1
1,7383,TT,CC,E3E3,0
1,7384,TT,CC,E3E3,0
1,7385,CT,CC,E3E4,1
1,7386,CT,CC,E3E4,1
1,7387,TT,CC,E3E3,0
1,7388,TT,CC,E3E3,0
1,7389,TT,CC,E3E3,0
1,7390,CT,CC,E3E4,1
1,7391,TT,CC,E3E3,0
1,7392,CT,CC,E3E4,1
1,7395,TT,CC,E3E3,0
1,7396,TT,CC,E3E3,0
1,7397,TT,CC,E3E3,0
1,7398,TT,CC,E3E3,0
1,7399,TT,CC,E3E3,0
1,7400,TT,CC,E3E3,0
1,7401,TT,CC,E3E3,0
1,7402,CT,CC,E3E4,1
1,7404,TT,CC,E3E3,0
1,7405,TT,CC,E3E3,0
1,7406,TT,CT,E2E3,0
1,7407,CT,CC,E3E4,1
1,7409,TT,CC,E3E3,0
1,7410,CT,CC,E3E4,1
1,7411,TT,CT,E2E3,0
1,7412,TT,CC,E3E3,0
1,7413,TT,CT,E2E3,0
1,7414,TT,CC,E3E3,0
1,7415,TT,CC,E3E3,0
1,7416,TT,CT,E2E3,0
1,7417,TT,CC,E3E3,0
1,7418,TT,CC,E3E3,0
1,7420,CT,CC,E3E4,1
1,7421,TT,CT,E2E3,0
1,7422,TT,CC,E3E3,0
1,7423,CT,CC,E3E4,1
1,7424, , , , 
1,7425,TT,CC,E3E3,0
1,7426,TT,CT,E2E3,0
1,7427,TT,CC,E3E3,0
1,7428,CT,CC,E3E4,1
1,7429,TT,CC,E3E3,0
1,7430,TT,CC,E3E3,0
1,7431,TT,CC,E3E3,0
1,7434,TT,CT,E2E3,0
1,7435,CT,CC,E3E4,1
1,7436,TT,CC,E3E3,0
1,7438,TT,CC,E3E3,0
1,7440,CT,CC,E3E4,1
1,7441,CT,CC,E3E4,1
1,7442,TT,CC,E3E3,0
1,7443,TT,CT,E2E3,0
1,7445,TT,TT,E2E2,0
1,7446,CT,CC,E3E4,1
1,7448,TT,CC,E3E3,0
1,7449,TT,CC,E3E3,0
1,7450,TT,CC,E3E3,0
1,7451,TT,CC,E3E3,0
1,7452,TT,CC,E3E3,0
1,7453,TT,CT,E2E3,0
1,7454,TT,CC,E3E3,0
1,7455,TT,CC,E3E3,0
1,7456,TT,CC,E3E3,0
1,7458,TT,CC,E3E3,0
1,7460,TT,CC,E3E3,0
1,7461,CT,CC,E3E4,1
1,7463,TT,CT,E2E3,0
1,7464,TT,CC,E3E3,0
1,7466,TT,CC,E3E3,0
1,7467,TT,CC,E3E3,0
1,7468,CT,CC,E3E4,1
1,7469,TT,CC,E3E3,0
1,7471,TT,CC,E3E3,0
1,7472,TT,CC,E3E3,0
1,7473,TT,CC,E3E3,0
1,7474,TT,CC,E3E3,0
1,7475,TT,CC,E3E3,0
1,7476,TT,CC,E3E3,0
1,7477,TT,CT,E2E3,0
1,7479,TT,CC,E3E3,0
1,7480,TT,CC,E3E3,0
1,7481,TT,CC,E3E3,0
1,7482,TT,CC,E3E3,0
1,7483,TT,CC,E3E3,0
1,7484,TT,CC,E3E3,0
1,7485,TT,CC,E3E3,0
1,7486,TT,CC,E3E3,0
1,7487,TT,CC,E3E3,0
1,7488,TT,CC,E3E3,0
1,7489,TT,CC,E3E3,0
1,7490,TT,CC,E3E3,0
1,7491,TT,CT,E2E3,0
1,7492,CC,CC,E4E4,1
1,7493,TT,CC,E3E3,0
1,7494,TT,CC,E3E3,0
1,7495,TT,CC,E3E3,0
1,7496,TT,CC,E3E3,0
1,7497,TT,CC,E3E3,0
1,7498,TT,CC,E3E3,0
1,7499,TT,CC,E3E3,0
1,7500,CT,CC,E3E4,1
1,7501,TT,CC,E3E3,0
1,7502,CT,CC,E3E4,1
1,7503,TT,CC,E3E3,0
1,7504,CT,CC,E3E4,1
1,7505,TT,CC,E3E3,0
1,7506,CT,CC,E3E4,1
1,7507,CT,CC,E3E4,1
1,7508,TT,CT,E2E3,0
1,7509,TT,CC,E3E3,0
1,7510,CT,CC,E3E4,1
1,7511,TT,CC,E3E3,0
1,7512,CC,CC,E4E4,1
1,7513,TT,CC,E3E3,0
1,7514,TT,CT,E2E3,0
1,7515,CT,CC,E3E4,1
1,7518,TT,CC,E3E3,0
1,7519,CT,CC,E3E4,1
1,7521,CT,CC,E3E4,1
1,7522,TT,CC,E3E3,0
1,7523,TT,CC,E3E3,0
1,7524,CT,CC,E3E4,1
1,7525,TT,CC,E3E3,0
1,7526,TT,CC,E3E3,0
1,7527,TT,CC,E3E3,0
1,7528,TT,CC,E3E3,0
1,7529,TT,CC,E3E3,0
1,7530,TT,CC,E3E3,0
1,7531,CT,CC,E3E4,1
1,7533,CC,CC,E4E4,1
1,7534,TT,CC,E3E3,0
1,7535,TT,CC,E3E3,0
1,7536,TT,CC,E3E3,0
1,7537,TT,CC,E3E3,0
1,7538,TT,CC,E3E3,0
1,7539,TT,CC,E3E3,0
1,7540,TT,CC,E3E3,0
1,7541,TT,CC,E3E3,0
1,7542,TT,CC,E3E3,0
1,7543,TT,CT,E2E3,0
1,7544,TT,CC,E3E3,0
1,7545,TT,CC,E3E3,0
1,7546,TT,CC,E3E3,0
1,7547,CC,CC,E4E4,1
1,7548,TT,CC,E3E3,0
1,7549,TT,CC,E3E3,0
1,7550,TT,CC,E3E3,0
1,7551,TT,CC,E3E3,0
1,7552,TT,CC,E3E3,0
1,7553,TT,CC,E3E3,0
1,7554,TT,CC,E3E3,0
1,7555,TT,CC,E3E3,0
1,7556,TT,CC,E3E3,0
1,7557,CT,CC,E3E4,1
1,7558,TT,CC,E3E3,0
1,7559,CC,CC,E4E4,1
1,7560,CT,CC,E3E4,1
1,7561,TT,CT,E2E3,0
1,7562,TT,CC,E3E3,0
1,7563,TT,CC,E3E3,0
1,7564,TT,CC,E3E3,0
1,7565,TT,CC,E3E3,0
1,7566,TT,CT,E2E3,0
1,7567,CC,CC,E4E4,1
1,7568,TT,CC,E3E3,0
1,7569,TT,CT,E2E3,0
1,7570,CT,CC,E3E4,1
1,7571,TT,CC,E3E3,0
1,7572,TT,CC,E3E3,0
1,7573,TT,CC,E3E3,0
1,7574,TT,CC,E3E3,0
1,7575,TT,CC,E3E3,0
1,7578,CT,CC,E3E4,1
1,7579,TT,CT,E2E3,0
1,7580,CT,CC,E3E4,1
1,7581,TT,CC,E3E3,0
1,7582,TT,CC,E3E3,0
1,7583,TT,CC,E3E3,0
1,7584,TT,CC,E3E3,0
1,7585,TT,CC,E3E3,0
1,7586,TT,CC,E3E3,0
1,7588,TT,CC,E3E3,0
1,7589,TT,CC,E3E3,0
1,7590,TT,CC,E3E3,0
1,7591,TT,CC,E3E3,0
1,7592,CT,CC,E3E4,1
1,7593,TT,CT,E2E3,0
1,7594,TT,CC,E3E3,0
1,7595,CT,CT,E2E4,1
1,7596,TT,CC,E3E3,0
1,7597,TT,CC,E3E3,0
1,7598,TT,CC,E3E3,0
1,7599,TT,CC,E3E3,0
1,7600,TT,CC,E3E3,0
1,7601,TT,CC,E3E3,0
1,7602,CT,CC,E3E4,1
1,7603,TT,CC,E3E3,0
1,7604,TT,CC,E3E3,0
1,7605,TT,CC,E3E3,0
1,7606,TT,CC,E3E3,0
1,7607,TT,CC,E3E3,0
1,7608,TT,CC,E3E3,0
1,7610,TT,CC,E3E3,0
1,7611,CT,CC,E3E4,1
1,7612,TT,CC,E3E3,0
1,7613,TT,CC,E3E3,0
1,7614,TT,CC,E3E3,0
1,7615,TT,CC,E3E3,0
1,7616,TT,CC,E3E3,0
1,7617,TT,CC,E3E3,0
1,7618,TT,CC,E3E3,0
1,7619,TT,CC,E3E3,0
1,7620,TT,CC,E3E3,0
1,7621,TT,CC,E3E3,0
1,7622,CT,CC,E3E4,1
1,7623,TT,CC,E3E3,0
1,7624,TT,CC,E3E3,0
1,7625,TT,CC,E3E3,0
1,7626,TT,CC,E3E3,0
1,7627,TT,CC,E3E3,0
1,7628,TT,CC,E3E3,0
1,7629,TT,CC,E3E3,0
1,7630,TT,CT,E2E3,0
1,7631,TT,CC,E3E3,0
1,7632, , , , 
1,7633,TT,CC,E3E3,0
1,7634,TT,CC,E3E3,0
1,7635,TT,CC,E3E3,0
1,7636,TT,CC,E3E3,0
1,7637,TT,CT,E2E3,0
1,7638,TT,CC,E3E3,0
1,7639,TT,CT,E2E3,0
1,7640,CT,CC,E3E4,1
1,7641,TT,CC,E3E3,0
1,7642,TT,CC,E3E3,0
1,7643,CT,CC,E3E4,1
1,7644,CT,CC,E3E4,1
1,7645,TT,CC,E3E3,0
1,7646,TT,CT,E2E3,0
1,7647,TT,CC,E3E3,0
1,7648,TT,CC,E3E3,0
1,7649,CT,CC,E3E4,1
1,7650,CT,CC,E3E4,1
1,7651,CC,CC,E4E4,1
1,7653,TT,CC,E3E3,0
1,7654,TT,CC,E3E3,0
1,7657,CT,CC,E3E4,1
1,7658,TT,CC,E3E3,0
1,7659,TT,CC,E3E3,0
1,7660,TT,CC,E3E3,0
1,7661,TT,CT,E2E3,0
1,7672,CT,CC,E3E4,1
1,7678,CT,CC,E3E4,1
1,7679,CT,CC,E3E4,1
1,7680,CT,CC,E3E4,1
1,7681,TT,CC,E3E3,0
1,7682,CT,CC,E3E4,1
1,7683,TT,CC,E3E3,0
1,7684,TT,CC,E3E3,0
1,7685,TT,CC,E3E3,0
1,7686,TT,CC,E3E3,0
1,7687,TT,CC,E3E3,0
1,7688,CT,CC,E3E4,1
1,7689,TT,CC,E3E3,0
1,7690,CT,CC,E3E4,1
1,7691,CT,CC,E3E4,1
1,7692,TT,CC,E3E3,0
1,7693,TT,CC,E3E3,0
1,7694,CT,CC,E3E4,1
1,7695,TT,CC,E3E3,0
1,7696,TT,CC,E3E3,0
1,7697,TT,CC,E3E3,0
1,7698,TT,CC,E3E3,0
1,7700,CT,CC,E3E4,1
1,7701,TT,CC,E3E3,0
1,7702,TT,CC,E3E3,0
1,7703,CT,CC,E3E4,1
1,7704,TT,CC,E3E3,0
1,7705,TT,CC,E3E3,0
1,7706,CT,CC,E3E4,1
1,7707,TT,CC,E3E3,0
1,7708,TT,CC,E3E3,0
1,7709,TT,CT,E2E3,0
1,7710,CT,CC,E3E4,1
1,7711,TT,CC,E3E3,0
1,7712,TT,CC,E3E3,0
1,7713,TT,CC,E3E3,0
1,7714,TT,CC,E3E3,0
1,7715,TT,CC,E3E3,0
1,7716,CT,CT,E2E4,1
1,7717,TT,CC,E3E3,0
1,7718,CT,CC,E3E4,1
1,7719,TT,CC,E3E3,0
1,7720,TT,CC,E3E3,0
1,7721,TT,CC,E3E3,0
1,7722,CT,CC,E3E4,1
1,7723,TT,CT,E2E3,0
1,7724, , , , 
1,7725,TT,CC,E3E3,0
1,7726,TT,CC,E3E3,0
1,7727,TT,CC,E3E3,0
1,7728,TT,CT,E2E3,0
1,7729,TT,CC,E3E3,0
1,7730,TT,CC,E3E3,0
1,7731,TT,CC,E3E3,0
1,7732, , , , 
1,7733,TT,CT,E2E3,0
1,7734,CT,CC,E3E4,1
1,7735,TT,CT,E2E3,0
1,7736,CT,CT,E2E4,1
1,7737,TT,CC,E3E3,0
1,7738,CT,CT,E2E4,1
1,7739,TT,CC,E3E3,0
1,7740,TT,CC,E3E3,0
1,7741,CT,CC,E3E4,1
1,7742,TT,CC,E3E3,0
1,7743,TT,CC,E3E3,0
1,7744,TT,CT,E2E3,0
1,7745,TT,CC,E3E3,0
1,7746,TT,CC,E3E3,0
1,7747,TT,CC,E3E3,0
1,7748,TT,CT,E2E3,0
1,7749,TT,CC,E3E3,0
1,7750,TT,CC,E3E3,0
1,7751,CT,CC,E3E4,1
1,7752,CT,CC,E3E4,1
1,7753,TT,CC,E3E3,0
1,7754,TT,CC,E3E3,0
1,7755,TT,CT,E2E3,0
1,7756,TT,CC,E3E3,0
1,7757,TT,CC,E3E3,0
1,7758, , , , 
1,7759, , , , 
1,7760,TT,CC,E3E3,0
1,7761,TT,CC,E3E3,0
1,7762,TT,CC,E3E3,0
1,7763,TT,TT,E2E2,0
1,7764,TT,CC,E3E3,0
1,7765,TT,CT,E2E3,0
1,7766,CT,CC,E3E4,1
1,7767,CT,CC,E3E4,1
1,7768,TT,CC,E3E3,0
1,7769,TT,CC,E3E3,0
1,7770,TT,CC,E3E3,0
1,7771,TT,CC,E3E3,0
1,7772,TT,CT,E2E3,0
1,7773,CT,CC,E3E4,1
1,7774,TT,CC,E3E3,0
1,7775,CT,CC,E3E4,1
1,7776,CT,CT,E2E4,1
1,7777,CT,CC,E3E4,1
1,7778,TT,CC,E3E3,0
1,7779,CC,CC,E4E4,1
1,7781,CT,CC,E3E4,1
1,7782,TT,CC,E3E3,0
1,7783,CT,CC,E3E4,1
1,7784,TT,CC,E3E3,0
1,7785, , , , 
1,7786,TT,CC,E3E3,0
1,7787,CT,CC,E3E4,1
1,7788,TT,CC,E3E3,0
1,7789,TT,CT,E2E3,0
1,7790,TT,CC,E3E3,0
1,7791,TT,CC,E3E3,0
1,7792,CT,CC,E3E4,1
1,7793,CT,CC,E3E4,1
1,7794,TT,CC,E3E3,0
1,7795,TT,CC,E3E3,0
1,7796,TT,CC,E3E3,0
1,7797,TT,CC,E3E3,0
1,7798,TT,CC,E3E3,0
1,7799,TT,CC,E3E3,0
1,7800,CT,CC,E3E4,1
1,7801, , , , 
1,7802,TT,CC,E3E3,0
1,7803,TT,CC,E3E3,0
1,7804,TT,CC,E3E3,0
1,7805,TT,CC,E3E3,0
1,7806,TT,CC,E3E3,0
1,7807,TT,CC,E3E3,0
1,7808,TT,CC,E3E3,0
1,7809,CT,CC,E3E4,1
1,7810,TT,CC,E3E3,0
1,7811,TT,CC,E3E3,0
1,7813,TT,CC,E3E3,0
1,7814,TT,CC,E3E3,0
1,7815,TT,CC,E3E3,0
1,7816,TT,CC,E3E3,0
1,7817,TT,CC,E3E3,0
1,7818,TT,CC,E3E3,0
1,7819,TT,CC,E3E3,0
1,7820,TT,CC,E3E3,0
1,7821,TT,CC,E3E3,0
1,7822,TT,CC,E3E3,0
1,7823,CC,CC,E4E4,1
1,7824,CT,CC,E3E4,1
1,7825,TT,CC,E3E3,0
1,7826,CT,CC,E3E4,1
1,7827,CC,CC,E4E4,1
1,7828,TT,CC,E3E3,0
1,7829,CT,CC,E3E4,1
1,7830,TT,CC,E3E3,0
1,7831,TT,CC,E3E3,0
1,7832,TT,CC,E3E3,0
1,7833,TT,CC,E3E3,0
1,7834,TT,CC,E3E3,0
1,7835,CT,CC,E3E4,1
1,7836,TT,CT,E2E3,0
1,7837,TT,CC,E3E3,0
1,7838,TT,CC,E3E3,0
1,7839,TT,CC,E3E3,0
1,7840,CT,CT,E2E4,1
1,7841,TT,CT,E2E3,0
1,7842,TT,CC,E3E3,0
1,7843,CT,CC,E3E4,1
1,7844,TT,CC,E3E3,0
1,7845,TT,CC,E3E3,0
1,7846,CT,CC,E3E4,1
1,7847,TT,CC,E3E3,0
1,7848, , , , 
1,7849,TT,CC,E3E3,0
1,7850,TT,CC,E3E3,0
1,7851,CT,CC,E3E4,1
1,7852,CT,CC,E3E4,1
1,7853,TT,CC,E3E3,0
1,7854,CT,CC,E3E4,1
1,7855,TT,CC,E3E3,0
1,7856,TT,CC,E3E3,0
1,7857,TT,CC,E3E3,0
1,7858,CT,CC,E3E4,1
1,7859,TT,CC,E3E3,0
1,7860, , , , 
1,7861,TT,CC,E3E3,0
1,7862,TT,CC,E3E3,0
1,7863,TT,CC,E3E3,0
1,7864,TT,CC,E3E3,0
1,7865,TT,CC,E3E3,0
1,7866,TT,CC,E3E3,0
1,7867,TT,CC,E3E3,0
1,7868,TT,CC,E3E3,0
1,7869,TT,CC,E3E3,0
1,7870,TT,CC,E3E3,0
1,7871,TT,CC,E3E3,0
1,7872,TT,CC,E3E3,0
1,7873,CT,CC,E3E4,1
1,7874,TT,CC,E3E3,0
1,7875,TT,CC,E3E3,0
1,7876,CT,CC,E3E4,1
1,7877,CT,CC,E3E4,1
1,7878,TT,CT,E2E3,0
1,7879,TT,CT,E2E3,0
1,7880,TT,CC,E3E3,0
1,7881,TT,CC,E3E3,0
1,7882,TT,CC,E3E3,0
1,7883,TT,CC,E3E3,0
1,7884,TT,CC,E3E3,0
1,7885,CT,CC,E3E4,1
1,7886,TT,CT,E2E3,0
1,7887,TT,CC,E3E3,0
1,7888,CT,CC,E3E4,1
1,7889,TT,CC,E3E3,0
1,7890,CT,CC,E3E4,1
1,7891,CT,CC,E3E4,1
1,7892,TT,CC,E3E3,0
1,7893,CT,CC,E3E4,1
1,7894,TT,CC,E3E3,0
1,7895,TT,CC,E3E3,0
1,7896,CT,CC,E3E4,1
1,7897,TT,CC,E3E3,0
1,7898,TT,CC,E3E3,0
1,7899, , , , 
1,7900,TT,CC,E3E3,0
1,7901,TT,CC,E3E3,0
1,7902,TT,CC,E3E3,0
1,7903, , , , 
1,7904,TT,CC,E3E3,0
1,7905,TT,CC,E3E3,0
1,7906,TT,CC,E3E3,0
1,7908,TT,CC,E3E3,0
1,7909, , , , 
1,7910,TT,CC,E3E3,0
1,7911,CT,CC,E3E4,1
1,7912,CT,CC,E3E4,1
1,7913,CT,CC,E3E4,1
1,7915,TT,CC,E3E3,0
1,7916,CT,CC,E3E4,1
1,7917,TT,CC,E3E3,0
1,7918,TT,CC,E3E3,0
1,7919,TT,CC,E3E3,0
1,7920,TT,CC,E3E3,0
1,7921,CT,CT,E2E4,1
1,7922,TT,CT,E2E3,0
1,7923,TT,CC,E3E3,0
1,7924,CT,CC,E3E4,1
1,7925,CT,CC,E3E4,1
1,7926,CT,CC,E3E4,1
1,7927,TT,CT,E2E3,0
1,7928,TT,CC,E3E3,0
1,7929,CT,CC,E3E4,1
1,7930,CT,CC,E3E4,1
1,7931,TT,CC,E3E3,0
1,7932,CT,CC,E3E4,1
1,7933,CT,CC,E3E4,1
1,7934,TT,CC,E3E3,0
1,7935,TT,CC,E3E3,0
1,7936,TT,CT,E2E3,0
1,7937,CT,CC,E3E4,1
1,7938,TT,CC,E3E3,0
1,7939,TT,CC,E3E3,0
1,7940,TT,CC,E3E3,0
1,7941,CT,CC,E3E4,1
1,7942,TT,CT,E2E3,0
1,7943,TT,CC,E3E3,0
1,7944,TT,CC,E3E3,0
1,7945,CT,CC,E3E4,1
1,7946,TT,CC,E3E3,0
1,7947,TT,CC,E3E3,0
1,7948,TT,CC,E3E3,0
1,7949,TT,CC,E3E3,0
1,7950,TT,CC,E3E3,0
1,7951,CT,CC,E3E4,1
1,7952,CT,CC,E3E4,1
1,7953,TT,CC,E3E3,0
1,7954,TT,CC,E3E3,0
1,7955,TT,CC,E3E3,0
1,7956,TT,CC,E3E3,0
1,7957,TT,CC,E3E3,0
1,7958,TT,CC,E3E3,0
1,7959,CT,CC,E3E4,1
1,7960,TT,CC,E3E3,0
1,7961,CT,CT,E2E4,1
1,7962,CC,CC,E4E4,1
1,7963,TT,CC,E3E3,0
1,7964,TT,CT,E2E3,0
1,7965,CT,CC,E3E4,1
1,7966,TT,CC,E3E3,0
1,7967,CC,CC,E4E4,1
1,7968,TT,CC,E3E3,0
1,7969,CT,CC,E3E4,1
1,7970,TT,CC,E3E3,0
1,7971,TT,CC,E3E3,0
1,7972,CT,CC,E3E4,1
1,7973,CT,CC,E3E4,1
1,7974,CT,CC,E3E4,1
1,7975,TT,CT,E2E3,0
1,7976,TT,CC,E3E3,0
1,7977,CT,CC,E3E4,1
1,7978,TT,CC,E3E3,0
1,7979,CT,CC,E3E4,1
1,7980,CT,CC,E3E4,1
1,7981,TT,CC,E3E3,0
1,7982,TT,CC,E3E3,0
1,7983,TT,CC,E3E3,0
1,7984,TT,CC,E3E3,0
1,7985,CT,CC,E3E4,1
1,7986,TT,CC,E3E3,0
1,7987,TT,CC,E3E3,0
1,7988,TT,CC,E3E3,0
1,7989,TT,CT,E2E3,0
1,7994,CT,CC,E3E4,1
1,7995,TT,TT,E2E2,0
1,7997,TT,CT,E2E3,0
1,7998,TT,CC,E3E3,0
1,7999,TT,CC,E3E3,0
1,8003,CT,CC,E3E4,1
1,8006,CT,CC,E3E4,1
1,8007,CT,CC,E3E4,1
1,8008, , , , 
1,8009, , , , 
1,8010,TT,CC,E3E3,0
1,8011,TT,CT,E2E3,0
1,8012,CT,CC,E3E4,1
1,8013,TT,CC,E3E3,0
1,8014,CT,CC,E3E4,1
1,8015,TT,CC,E3E3,0
1,8016,CT,CC,E3E4,1
1,8017,CT,CT,E2E4,1
1,8018,CT,CC,E3E4,1
1,8019,TT,CC,E3E3,0
1,8020,TT,CT,E2E3,0
1,8021,TT,CT,E2E3,0
1,8022, , , , 
1,8023,TT,CC,E3E3,0
1,8024,TT,CT,E2E3,0
1,8025,TT,CC,E3E3,0
1,8026,TT,CC,E3E3,0
1,8027,TT,CC,E3E3,0
1,8028,TT,CC,E3E3,0
1,8029,CT,CC,E3E4,1
1,8030,CT,CC,E3E4,1
1,8031,CT,CC,E3E4,1
1,8032,TT,CC,E3E3,0
1,8033,TT,CC,E3E3,0
1,8034,TT,CC,E3E3,0
1,8035,TT,CC,E3E3,0
1,8036,TT,CC,E3E3,0
1,8037,TT,CC,E3E3,0
1,8038,TT,CC,E3E3,0
1,8039,CC,CC,E4E4,1
1,8040,TT,CC,E3E3,0
1,8041,TT,CC,E3E3,0
1,8042,CT,CC,E3E4,1
1,8043,TT,CC,E3E3,0
1,8044,TT,CC,E3E3,0
1,8045,TT,CC,E3E3,0
1,8046,TT,CC,E3E3,0
1,8047,TT,CC,E3E3,0
1,8048,TT,CC,E3E3,0
1,8049,TT,CC,E3E3,0
1,8050,TT,CC,E3E3,0
1,8051,TT,CC,E3E3,0
1,8052,TT,CC,E3E3,0
1,8053,TT,CC,E3E3,0
1,8054,TT,CC,E3E3,0
1,8055,CT,CC,E3E4,1
1,8056,TT,CC,E3E3,0
1,8057,TT,CC,E3E3,0
1,8058,TT,CC,E3E3,0
1,8059,TT,CC,E3E3,0
1,8060,TT,CC,E3E3,0
1,8061,TT,CC,E3E3,0
1,8062,CT,CC,E3E4,1
1,8063,TT,CC,E3E3,0
1,8064,CT,CC,E3E4,1
1,8065,CT,CC,E3E4,1
1,8066,TT,CC,E3E3,0
1,8067,TT,CC,E3E3,0
1,8068,TT,CC,E3E3,0
1,8069,TT,CC,E3E3,0
1,8070,TT,CT,E2E3,0
1,8071,TT,CC,E3E3,0
1,8072,TT,CC,E3E3,0
1,8073,TT,CC,E3E3,0
1,8074,CT,CC,E3E4,1
1,8075,TT,CC,E3E3,0
1,8076,CT,CC,E3E4,1
1,8077,TT,CC,E3E3,0
1,8078,CT,CC,E3E4,1
1,8079,TT,CC,E3E3,0
1,8081,TT,CC,E3E3,0
1,8082,TT,CC,E3E3,0
1,8083,CT,CC,E3E4,1
1,8084,CT,CC,E3E4,1
1,8085,TT,CC,E3E3,0
1,8086,TT,CC,E3E3,0
1,8087,TT,CC,E3E3,0
1,8088,TT,CC,E3E3,0
1,8089,TT,CC,E3E3,0
1,8090,CT,CC,E3E4,1
1,8091,CT,CC,E3E4,1
1,8092,TT,CC,E3E3,0
1,8093, , , , 
1,8094,TT,CT,E2E3,0
1,8095,TT,CC,E3E3,0
1,8096,CT,CC,E3E4,1
1,8097,CT,CC,E3E4,1
1,8098,TT,CC,E3E3,0
1,8099,TT,CC,E3E3,0
1,8100,TT,CC,E3E3,0
1,8101,TT,CC,E3E3,0
1,8102,TT,CC,E3E3,0
1,8103,TT,CC,E3E3,0
1,8104,CT,CC,E3E4,1
1,8105,TT,CT,E2E3,0
1,8106,TT,CT,E2E3,0
1,8107,TT,CC,E3E3,0
1,8108,TT,CC,E3E3,0
1,8109,CT,CC,E3E4,1
1,8110,TT,CC,E3E3,0
1,8111,CT,CT,E2E4,1
1,8112,TT,CC,E3E3,0
1,8113, , , , 
1,8114,TT,CC,E3E3,0
1,8115,TT,CC,E3E3,0
1,8116,TT,CC,E3E3,0
1,8117,TT,CC,E3E3,0
1,8118,TT,CC,E3E3,0
1,8119,TT,CC,E3E3,0
1,8120,TT,CC,E3E3,0
1,8121,TT,CC,E3E3,0
1,8122,TT,CC,E3E3,0
1,8123,TT,CC,E3E3,0
1,8124,TT,CC,E3E3,0
1,8125,TT,CC,E3E3,0
1,8126,TT,CC,E3E3,0
1,8127,TT,CC,E3E3,0
1,8128,TT,CC,E3E3,0
1,8129,TT,CC,E3E3,0
1,8130,TT,CC,E3E3,0
1,8131,CT,CC,E3E4,1
1,8132,TT,CC,E3E3,0
1,8133,TT,CC,E3E3,0
1,8134,TT,CC,E3E3,0
1,8135,TT,CT,E2E3,0
1,8136,TT,CC,E3E3,0
1,8137,TT,CC,E3E3,0
1,8138,TT,CC,E3E3,0
1,8139,TT,CC,E3E3,0
1,8140, , , , 
1,8141,TT,CC,E3E3,0
1,8142,TT,CC,E3E3,0
1,8143,CT,CC,E3E4,1
1,8144,TT,CC,E3E3,0
1,8145,TT,CC,E3E3,0
1,8146,TT,CC,E3E3,0
1,8147,TT,CT,E2E3,0
1,8148,TT,CC,E3E3,0
1,8149,CT,CC,E3E4,1
1,8150,TT,CC,E3E3,0
1,8151,CT,CT,E2E4,1
1,8152,CT,CC,E3E4,1
1,8153,TT,CC,E3E3,0
1,8154,TT,CC,E3E3,0
1,8155,TT,CC,E3E3,0
1,8156,TT,CC,E3E3,0
1,8157,CT,CC,E3E4,1
1,8158,CT,CC,E3E4,1
1,8159,TT,CC,E3E3,0
1,8160,TT,CC,E3E3,0
1,8161,CT,CC,E3E4,1
1,8162,TT,CC,E3E3,0
1,8163,TT,CC,E3E3,0
1,8164,TT,CC,E3E3,0
1,8165,TT,CC,E3E3,0
1,8166,TT,CC,E3E3,0
1,8167, , , , 
1,8168,TT,CC,E3E3,0
1,8169,TT,CC,E3E3,0
1,8170,CT,CC,E3E4,1
1,8171,TT,CT,E2E3,0
1,8172,TT,CC,E3E3,0
1,8173,TT,CC,E3E3,0
1,8174,TT,CC,E3E3,0
1,8175,TT,CC,E3E3,0
1,8176,TT,CC,E3E3,0
1,8177,CT,CC,E3E4,1
1,8178,TT,CC,E3E3,0
1,8179,CC,CC,E4E4,1
1,8180,TT,CC,E3E3,0
1,8181,TT,CC,E3E3,0
1,8182,CT,CC,E3E4,1
1,8183,TT,CC,E3E3,0
1,8184,TT,CC,E3E3,0
1,8185, , , , 
1,8186,TT,CT,E2E3,0
1,8187,TT,CC,E3E3,0
1,8188,CT,CC,E3E4,1
1,8189,TT,CC,E3E3,0
1,8190,TT,CC,E3E3,0
1,8191,TT,CC,E3E3,0
1,8192,TT,CC,E3E3,0
1,8193,CT,CC,E3E4,1
1,8194,CT,CC,E3E4,1
1,8195,TT,CC,E3E3,0
1,8196,CC,CC,E4E4,1
1,8197,CT,CC,E3E4,1
1,8198,TT,CC,E3E3,0
1,8199,TT,CC,E3E3,0
1,8200, , , , 
1,8201,CT,CC,E3E4,1
1,8202,CT,CC,E3E4,1
1,8203,TT,CC,E3E3,0
1,8204,TT,CC,E3E3,0
1,8205,CT,CC,E3E4,1
1,8206,TT,CC,E3E3,0
1,8207,TT,CT,E2E3,0
1,8208,TT,CC,E3E3,0
1,8209,CC,CC,E4E4,1
1,8210,TT,CC,E3E3,0
1,8211,TT,CC,E3E3,0
1,8212,TT,CC,E3E3,0
1,8213,TT,CT,E2E3,0
1,8214,CT,CC,E3E4,1
1,8215,TT,CC,E3E3,0
1,8216,TT,CC,E3E3,0
1,8217,CT,CC,E3E4,1
1,8218, , , , 
1,8219,CT,CC,E3E4,1
1,8220,CT,CC,E3E4,1
1,8221,TT,CC,E3E3,0
1,8222,TT,CC,E3E3,0
1,8223,TT,CT,E2E3,0
1,8224,TT,CT,E2E3,0
1,8225,TT,CT,E2E3,0
1,8226,TT,CC,E3E3,0
1,8227,TT,CC,E3E3,0
1,8228,TT,CC,E3E3,0
1,8229,CT,CC,E3E4,1
1,8230, , , , 
1,8231,CT,CC,E3E4,1
1,8232,CC,CC,E4E4,1
1,8233,TT,CC,E3E3,0
1,8234,CT,CC,E3E4,1
1,8235,CT,CC,E3E4,1
1,8236,TT,CC,E3E3,0
1,8237,CT,CC,E3E4,1
1,8238,TT,CT,E2E3,0
1,8239,TT,CC,E3E3,0
1,8240,TT,CC,E3E3,0
1,8241,CC,CC,E4E4,1
1,8242,TT,CC,E3E3,0
1,8243,TT,CC,E3E3,0
1,8244,CT,CC,E3E4,1
1,8245,TT,CC,E3E3,0
1,8246,TT,CC,E3E3,0
1,8247,TT,CC,E3E3,0
1,8248,TT,CC,E3E3,0
1,8249,TT,CT,E2E3,0
1,8250,TT,CC,E3E3,0
1,8251,TT,CC,E3E3,0
1,8252,CT,CC,E3E4,1
1,8253,TT,CT,E2E3,0
1,8254,TT,CC,E3E3,0
1,8255,TT,CC,E3E3,0
1,8256,TT,CC,E3E3,0
1,8257,TT,CC,E3E3,0
1,8258,TT,CT,E2E3,0
1,8259,CT,CC,E3E4,1
1,8260,TT,CC,E3E3,0
1,8261,TT,CC,E3E3,0
1,8262,TT,CT,E2E3,0
1,8263,TT,CC,E3E3,0
1,8264,TT,CC,E3E3,0
1,8265,TT,CC,E3E3,0
1,8266,CT,CC,E3E4,1
1,8267,TT,CC,E3E3,0
1,8268,TT,CC,E3E3,0
1,8269,TT,CC,E3E3,0
1,8270,TT,CC,E3E3,0
1,8271,TT,CC,E3E3,0
1,8272,CT,CC,E3E4,1
1,8273,TT,CC,E3E3,0
1,8274,TT,CC,E3E3,0
1,8275,TT,CC,E3E3,0
1,8276,TT,CC,E3E3,0
1,8277,TT,CC,E3E3,0
1,8278,TT,CC,E3E3,0
1,8279,TT,CT,E2E3,0
1,8280,TT,CC,E3E3,0
1,8281,TT,CC,E3E3,0
1,8282, , , , 
1,8283,TT,CC,E3E3,0
1,8284,TT,CC,E3E3,0
1,8285,TT,CC,E3E3,0
1,8286,TT,CC,E3E3,0
1,8287,CT,CC,E3E4,1
1,8288,TT,CC,E3E3,0
1,8289,TT,CT,E2E3,0
1,8290,TT,CC,E3E3,0
1,8291,TT,CC,E3E3,0
1,8292,TT,CT,E2E3,0
1,8293, , , , 
1,8294,TT,CC,E3E3,0
1,8295,TT,CC,E3E3,0
1,8296,TT,CC,E3E3,0
1,8297,TT,CC,E3E3,0
1,8298,TT,CC,E3E3,0
1,8299,TT,CC,E3E3,0
1,8300,TT,CC,E3E3,0
1,8301,CT,CC,E3E4,1
1,8302,CT,CC,E3E4,1
1,8303,CT,CC,E3E4,1
1,8304,TT,CC,E3E3,0
1,8305,TT,CC,E3E3,0
1,8306,TT,CC,E3E3,0
1,8307,TT,CC,E3E3,0
1,8308,CT,CC,E3E4,1
1,8309,CT,CC,E3E4,1
1,8310,TT,CC,E3E3,0
1,8311,CT,CT,E2E4,1
1,8312,TT,CC,E3E3,0
1,8313,TT,CC,E3E3,0
1,8314,CT,CC,E3E4,1
1,8315,CT,CC,E3E4,1
1,8316, , , , 
1,8317,TT,CC,E3E3,0
1,8318,TT,CC,E3E3,0
1,8319,TT,CT,E2E3,0
1,8320,TT,CC,E3E3,0
1,8321,TT,CT,E2E3,0
1,8322,TT,CC,E3E3,0
1,8323,TT,CC,E3E3,0
1,8324,TT,CC,E3E3,0
1,8325,TT,CC,E3E3,0
1,8326,TT,CC,E3E3,0
1,8327,TT,CC,E3E3,0
1,8328, , , , 
1,8329,CT,CC,E3E4,1
1,8330,TT,CC,E3E3,0
1,8331,TT,CC,E3E3,0
1,8332,TT,CC,E3E3,0
1,8333,TT,CC,E3E3,0
1,8334,TT,CC,E3E3,0
1,8335,TT,CC,E3E3,0
1,8336,TT,CC,E3E3,0
1,8337,TT,CC,E3E3,0
1,8338,TT,CC,E3E3,0
1,8339,TT,CC,E3E3,0
1,8340,TT,CC,E3E3,0
1,8341,TT,CC,E3E3,0
1,8342,TT,CC,E3E3,0
1,8343,TT,CC,E3E3,0
1,8344,TT,CT,E2E3,0
1,8345,TT,CC,E3E3,0
1,8346,TT,CC,E3E3,0
1,8347,TT,CC,E3E3,0
1,8348,CT,CC,E3E4,1
1,8349,TT,CC,E3E3,0
1,8350,TT,CC,E3E3,0
1,8351,CT,CC,E3E4,1
1,8352,TT,CC,E3E3,0
1,8353,TT,CT,E2E3,0
1,8354,CT,CC,E3E4,1
1,8355,CT,CC,E3E4,1
1,8356,TT,CT,E2E3,0
1,8357,CT,CC,E3E4,1
1,8358,TT,CC,E3E3,0
1,8359,TT,CC,E3E3,0
1,8360,TT,CC,E3E3,0
1,8361,CT,CC,E3E4,1
1,8362,CT,CC,E3E4,1
1,8363,TT,CC,E3E3,0
1,8364,TT,CC,E3E3,0
1,8365,TT,CC,E3E3,0
1,8366,TT,CC,E3E3,0
1,8367,CT,CC,E3E4,1
1,8368,TT,CT,E2E3,0
1,8369,TT,CC,E3E3,0
1,8370,CT,CC,E3E4,1
1,8371,TT,CC,E3E3,0
1,8372,TT,CC,E3E3,0
1,8373,TT,CC,E3E3,0
1,8374,TT,CC,E3E3,0
1,8375,TT,CC,E3E3,0
1,8376,CT,CC,E3E4,1
1,8377,TT,CT,E2E3,0
1,8378,CT,CC,E3E4,1
1,8379,TT,CC,E3E3,0
1,8380,CT,CC,E3E4,1
1,8381,TT,CT,E2E3,0
1,8382,TT,CC,E3E3,0
1,8383,CT,CC,E3E4,1
1,8384,CT,CC,E3E4,1
1,8385,TT,CC,E3E3,0
1,8386,CT,CC,E3E4,1
1,8387,TT,CC,E3E3,0
1,8388, , , , 
1,8389,TT,CC,E3E3,0
1,8390,CT,CC,E3E4,1
1,8391,TT,CC,E3E3,0
1,8392,TT,CT,E2E3,0
1,8393,CT,CC,E3E4,1
1,8394,TT,CC,E3E3,0
1,8395,TT,CT,E2E3,0
1,8396,TT,CC,E3E3,0
1,8397,CT,CC,E3E4,1
1,8398,TT,CC,E3E3,0
1,8399,TT,CC,E3E3,0
1,8400,TT,CT,E2E3,0
1,8401,TT,CC,E3E3,0
1,8402,TT,CC,E3E3,0
1,8403,TT,CC,E3E3,0
1,8404,TT,CC,E3E3,0
1,8405,CT,CC,E3E4,1
1,8406,TT,CC,E3E3,0
1,8407,CT,CC,E3E4,1
1,8408,CT,CC,E3E4,1
1,8409,TT,CC,E3E3,0
1,8410, , , , 
1,8411, , , , 
1,8412,TT,CC,E3E3,0
1,8413,TT,CC,E3E3,0
1,8414,TT,CC,E3E3,0
1,8415,CT,CC,E3E4,1
1,8416, , , , 
1,8417,CT,CC,E3E4,1
1,8418,TT,CC,E3E3,0
1,8419,CT,CC,E3E4,1
1,8420,TT,CC,E3E3,0
1,8421,TT,CC,E3E3,0
1,8422,CT,CC,E3E4,1
1,8423,TT,CC,E3E3,0
1,8424,TT,CC,E3E3,0
1,8425,TT,CT,E2E3,0
1,8426,TT,CC,E3E3,0
1,8427,TT,CC,E3E3,0
1,8428,CC,CC,E4E4,1
1,8429,TT,CT,E2E3,0
1,8430,CT,CC,E3E4,1
1,8431,TT,CT,E2E3,0
1,8432,TT,CT,E2E3,0
1,8433,CT,CC,E3E4,1
1,8434,TT,CC,E3E3,0
1,8435, , , , 
1,8436,CC,CC,E4E4,1
1,8437,TT,CT,E2E3,0
1,8438,TT,CT,E2E3,0
1,8439,TT,CC,E3E3,0
1,8440,TT,CT,E2E3,0
1,8441,TT,CC,E3E3,0
1,8442,TT,CC,E3E3,0
1,8443,TT,CC,E3E3,0
1,8444,TT,CC,E3E3,0
1,8445,TT,CC,E3E3,0
1,8446,TT,CC,E3E3,0
1,8447,TT,CC,E3E3,0
1,8448,TT,CC,E3E3,0
1,8449,CT,CT,E2E4,1
1,8450,TT,CC,E3E3,0
1,8451,TT,CC,E3E3,0
1,8452,CT,CC,E3E4,1
1,8453,TT,CC,E3E3,0
1,8454,TT,CC,E3E3,0
1,8455,TT,CC,E3E3,0
1,8456,TT,CC,E3E3,0
1,8457,TT,CC,E3E3,0
1,8458,CT,CC,E3E4,1
1,8459,TT,CC,E3E3,0
1,8460,TT,CT,E2E3,0
1,8461,CT,CC,E3E4,1
1,8462,TT,CC,E3E3,0
1,8463,TT,CC,E3E3,0
1,8464,CT,CC,E3E4,1
1,8465,TT,CC,E3E3,0
1,8466,TT,CC,E3E3,0
1,8467,TT,CC,E3E3,0
1,8468,TT,CC,E3E3,0
1,8469,TT,CC,E3E3,0
1,8470,TT,CC,E3E3,0
1,8471,TT,CC,E3E3,0
1,8472,TT,CC,E3E3,0
1,8473,CT,CC,E3E4,1
1,8474,TT,CC,E3E3,0
1,8475,TT,CC,E3E3,0
1,8476,TT,CC,E3E3,0
1,8477,CT,CC,E3E4,1
1,8478,CT,CC,E3E4,1
1,8479,TT,CC,E3E3,0
1,8480,CT,CC,E3E4,1
1,8481,TT,CC,E3E3,0
1,8482,CT,CC,E3E4,1
1,8483,CT,CC,E3E4,1
1,8484,CT,CC,E3E4,1
1,8485,CT,CC,E3E4,1
1,8486,TT,CC,E3E3,0
1,8487, , , , 
1,8488,TT,CC,E3E3,0
1,8489,TT,CC,E3E3,0
1,8490,TT,CC,E3E3,0
1,8491,CC,CC,E4E4,1
1,8492,TT,CC,E3E3,0
1,8493,TT,CC,E3E3,0
1,8494,CT,CC,E3E4,1
1,8495,CT,CC,E3E4,1
1,8496,CC,CC,E4E4,1
1,8497,TT,CC,E3E3,0
1,8498,TT,CC,E3E3,0
1,8499,TT,CC,E3E3,0
1,8500,CT,CC,E3E4,1
1,8501,TT,CC,E3E3,0
1,8502,TT,CC,E3E3,0
1,8503,CT,CC,E3E4,1
1,8504,TT,CC,E3E3,0
1,8505,CT,CC,E3E4,1
1,8506,TT,CC,E3E3,0
1,8507,TT,CT,E2E3,0
1,8508,TT,CT,E2E3,0
1,8509,TT,CC,E3E3,0
1,8510,CT,CT,E2E4,1
1,8511,CT,CC,E3E4,1
1,8512,TT,CC,E3E3,0
1,8513,TT,CC,E3E3,0
1,8514,CT,CC,E3E4,1
1,8515,TT,CC,E3E3,0
1,8516,TT,CC,E3E3,0
1,8517,TT,CC,E3E3,0
1,8518,CT,CC,E3E4,1
1,8519,CT,CC,E3E4,1
1,8521,CT,CC,E3E4,1
1,8522,TT,CT,E2E3,0
1,8523, , , , 
1,8524,TT,CC,E3E3,0
1,8525,TT,CT,E2E3,0
1,8536,TT,CC,E3E3,0
1,8558,TT,CC,E3E3,0
1,8559,TT,CC,E3E3,0
1,8560,TT,CC,E3E3,0
1,8561,CT,CC,E3E4,1
1,8562,TT,CC,E3E3,0
1,8563,TT,CC,E3E3,0
1,8564,TT,CC,E3E3,0
1,8565,TT,CC,E3E3,0
1,8566,TT,CC,E3E3,0
1,8567,TT,CC,E3E3,0
1,8568,TT,CT,E2E3,0
1,8569,TT,CC,E3E3,0
1,8570,TT,CC,E3E3,0
1,8571,TT,CT,E2E3,0
1,8572,TT,CC,E3E3,0
1,8573,TT,CC,E3E3,0
1,8574,CT,CC,E3E4,1
1,8575,TT,CC,E3E3,0
1,8576,TT,CT,E2E3,0
1,8577,TT,CC,E3E3,0
1,8578,TT,CC,E3E3,0
1,8579,CT,CC,E3E4,1
1,8580,TT,CT,E2E3,0
1,8581,TT,CC,E3E3,0
1,8582,CT,CC,E3E4,1
1,8583,TT,CC,E3E3,0
1,8584,TT,CC,E3E3,0
1,8585,CT,CC,E3E4,1
1,8586,TT,CC,E3E3,0
1,8587,CT,CC,E3E4,1
1,8588,TT,CC,E3E3,0
1,8589,TT,CC,E3E3,0
1,8590,TT,CC,E3E3,0
1,8591,TT,CC,E3E3,0
1,8592,TT,CC,E3E3,0
1,8593,TT,CC,E3E3,0
1,8594,TT,CC,E3E3,0
1,8595, , , , 
1,8596,CT,CC,E3E4,1
1,8597,TT,CC,E3E3,0
1,8598,TT,CT,E2E3,0
1,8599,TT,CT,E2E3,0
1,8600,TT,CC,E3E3,0
1,8601,TT,CC,E3E3,0
1,8602,CT,CC,E3E4,1
1,8603,TT,CC,E3E3,0
1,8604,TT,CT,E2E3,0
1,8605,CT,CC,E3E4,1
1,8606,TT,CC,E3E3,0
1,8607,TT,CT,E2E3,0
1,8608,TT,CC,E3E3,0
1,8609,CT,CT,E2E4,1
1,8610,CT,CC,E3E4,1
1,8611,TT,CT,E2E3,0
1,8612,CT,CC,E3E4,1
1,8613,TT,CC,E3E3,0
1,8614,TT,CC,E3E3,0
1,8615,TT,CC,E3E3,0
1,8616,TT,CT,E2E3,0
1,8617,TT,CC,E3E3,0
1,8618,TT,CC,E3E3,0
1,8619,TT,CC,E3E3,0
1,8620,CC,CC,E4E4,1
1,8621,TT,CT,E2E3,0
1,8622,TT,CC,E3E3,0
1,8623,TT,CC,E3E3,0
1,8624,TT,CC,E3E3,0
1,8625,TT,CC,E3E3,0
1,8626,TT,CC,E3E3,0
1,8627,TT,CT,E2E3,0
1,8628,TT,CC,E3E3,0
1,8629,TT,CC,E3E3,0
1,8630,TT,CT,E2E3,0
1,8631,TT,CC,E3E3,0
1,8632,TT,CT,E2E3,0
1,8633,TT,CC,E3E3,0
1,8634,TT,CC,E3E3,0
1,8635,TT,CC,E3E3,0
1,8636,TT,CC,E3E3,0
1,8637,TT,CC,E3E3,0
1,8638,TT,CC,E3E3,0
1,8639,CT,CC,E3E4,1
1,8640,TT,CC,E3E3,0
1,8641,TT,CC,E3E3,0
1,8642,TT,CC,E3E3,0
1,8643,TT,CC,E3E3,0
1,8644,TT,CC,E3E3,0
1,8645, , , , 
1,8646,CT,CC,E3E4,1
1,8647,TT,CT,E2E3,0
1,8648,TT,CC,E3E3,0
1,8649,TT,CC,E3E3,0
1,8650,CC,CC,E4E4,1
1,8651,TT,CC,E3E3,0
1,8652,TT,CC,E3E3,0
1,8653,TT,CC,E3E3,0
1,8654,TT,CC,E3E3,0
1,8655,TT,CC,E3E3,0
1,8656,CT,CC,E3E4,1
1,8657,TT,CC,E3E3,0
1,8658,TT,CC,E3E3,0
1,8659,TT,CT,E2E3,0
1,8660,TT,CC,E3E3,0
1,8661,TT,CC,E3E3,0
1,8662,TT,CT,E2E3,0
1,8663,TT,CC,E3E3,0
1,8664,TT,CC,E3E3,0
1,8665,TT,CT,E2E3,0
1,8666,TT,CC,E3E3,0
1,8667,CT,CC,E3E4,1
1,8668,CT,CC,E3E4,1
1,8669,TT,CT,E2E3,0
1,8670,TT,CT,E2E3,0
1,8671,TT,CC,E3E3,0
1,8672,CT,CC,E3E4,1
1,8673,TT,CC,E3E3,0
1,8674,CT,CC,E3E4,1
1,8675,TT,CT,E2E3,0
1,8676,TT,CC,E3E3,0
1,8677,CT,CC,E3E4,1
1,8678,TT,CC,E3E3,0
1,8679,TT,CC,E3E3,0
1,8681,CT,CC,E3E4,1
1,8682,TT,CC,E3E3,0
1,8683,TT,CC,E3E3,0
1,8684,CT,CC,E3E4,1
1,8685,CT,CC,E3E4,1
1,8686,TT,CC,E3E3,0
1,8687,TT,CC,E3E3,0
1,8688,CT,CC,E3E4,1
1,8689,CT,CC,E3E4,1
1,8690,CT,CC,E3E4,1
1,8691,TT,CC,E3E3,0
1,8692,CT,CT,E2E4,1
1,8693,TT,CC,E3E3,0
1,8694,TT,CC,E3E3,0
1,8695,TT,CC,E3E3,0
1,8696,TT,CT,E2E3,0
1,8697,TT,CT,E2E3,0
1,8698,CT,CT,E2E4,1
1,8699,TT,CC,E3E3,0
1,8700,TT,CC,E3E3,0
1,8701,TT,CC,E3E3,0
1,8702,TT,CC,E3E3,0
1,8703,CT,CT,E2E4,1
1,8704,TT,CC,E3E3,0
1,8705,TT,CC,E3E3,0
1,8706,CT,CC,E3E4,1
1,8707,TT,CT,E2E3,0
1,8708,TT,CC,E3E3,0
1,8709,TT,CC,E3E3,0
1,8710,CT,CC,E3E4,1
1,8711,TT,CC,E3E3,0
1,8712,TT,CT,E2E3,0
1,8713,CT,CC,E3E4,1
1,8714, , , , 
1,8715,TT,CC,E3E3,0
1,8716,CT,CC,E3E4,1
1,8717,TT,CT,E2E3,0
1,8718,TT,CC,E3E3,0
1,8719,CT,CC,E3E4,1
1,8720,TT,CC,E3E3,0
1,8721,CT,CC,E3E4,1
1,8722,TT,CC,E3E3,0
1,8723,CT,CC,E3E4,1
1,8724,TT,CC,E3E3,0
1,8725,TT,CC,E3E3,0
1,8726,TT,CT,E2E3,0
1,8727,CT,CC,E3E4,1
1,8728,TT,CC,E3E3,0
1,8729,TT,CC,E3E3,0
1,8730,TT,CC,E3E3,0
1,8731,TT,CC,E3E3,0
1,8732,TT,CT,E2E3,0
1,8734,TT,CT,E2E3,0
1,8735,TT,CC,E3E3,0
1,8736,CT,CC,E3E4,1
1,8737,TT,CC,E3E3,0
1,8738,CT,CT,E2E4,1
1,8739,TT,CT,E2E3,0
1,8740,CT,CC,E3E4,1
1,8741,TT,CC,E3E3,0
1,8742,TT,CC,E3E3,0
1,8743,CT,CT,E2E4,1
1,8744,TT,CC,E3E3,0
1,8745,CT,CC,E3E4,1
1,8746, , , , 
1,8747,TT,CC,E3E3,0
1,8748,TT,CC,E3E3,0
1,8749,CT,CC,E3E4,1
1,8750,TT,CC,E3E3,0
1,8751,TT,CC,E3E3,0
1,8752,TT,CC,E3E3,0
1,8753,CT,CC,E3E4,1
1,8754,TT,CC,E3E3,0
1,8755,CT,CC,E3E4,1
1,8756,TT,CC,E3E3,0
1,8757,TT,CC,E3E3,0
1,8758, , , , 
1,8759,TT,CT,E2E3,0
1,8760,CT,CC,E3E4,1
1,8761,TT,CC,E3E3,0
1,8762, , , , 
1,8763,CT,CC,E3E4,1
1,8764,TT,CC,E3E3,0
1,8765,CT,CC,E3E4,1
1,8766,CT,CC,E3E4,1
1,8767,TT,CC,E3E3,0
1,8768,TT,CC,E3E3,0
1,8769,TT,CC,E3E3,0
1,8770,TT,CT,E2E3,0
1,8771,TT,CC,E3E3,0
1,8772,TT,CC,E3E3,0
1,8773,TT,CC,E3E3,0
1,8774,CT,CC,E3E4,1
1,8775,TT,CC,E3E3,0
1,8776,TT,CC,E3E3,0
1,8777,TT,CC,E3E3,0
1,8778,TT,CC,E3E3,0
1,8779,TT,CT,E2E3,0
1,8780,TT,CC,E3E3,0
1,8781,TT,CC,E3E3,0
1,8782,TT,CC,E3E3,0
1,8783,TT,TT,E2E2,0
1,8784,TT,CC,E3E3,0
1,8785,TT,CC,E3E3,0
1,8786,TT,CC,E3E3,0
1,8787,CT,CC,E3E4,1
1,8788,CT,CC,E3E4,1
1,8789,CT,CC,E3E4,1
1,8790,TT,CC,E3E3,0
1,8791,TT,CC,E3E3,0
1,8792,TT,CT,E2E3,0
1,8793,TT,CC,E3E3,0
1,8794,TT,CC,E3E3,0
1,8795,TT,CC,E3E3,0
1,8796,CT,CC,E3E4,1
1,8797,CT,CC,E3E4,1
1,8798,TT,CC,E3E3,0
1,8799,TT,CC,E3E3,0
1,8800,CT,CC,E3E4,1
1,8801, , , , 
1,8802,TT,CC,E3E3,0
1,8803,TT,CC,E3E3,0
1,8804,TT,CT,E2E3,0
1,8805,TT,CT,E2E3,0
1,8806,TT,CT,E2E3,0
1,8807,TT,CC,E3E3,0
1,8808,TT,CC,E3E3,0
1,8809, , , , 
1,8810,TT,CC,E3E3,0
1,8811,TT,CC,E3E3,0
1,8812,TT,CC,E3E3,0
1,8813,TT,CC,E3E3,0
1,8814,TT,CC,E3E3,0
1,8815,TT,CC,E3E3,0
1,8816,TT,CC,E3E3,0
1,8817,CT,CC,E3E4,1
1,8818,TT,CC,E3E3,0
1,8819,TT,CC,E3E3,0
1,8820,TT,CC,E3E3,0
1,8821,CT,CC,E3E4,1
1,8822, , , , 
1,8823,TT,CC,E3E3,0
1,8824,TT,CC,E3E3,0
1,8825,TT,CC,E3E3,0
1,8826,CT,CC,E3E4,1
1,8827,TT,CC,E3E3,0
1,8828,TT,CC,E3E3,0
1,8829,TT,CC,E3E3,0
1,8830,TT,CC,E3E3,0
1,8831,TT,CC,E3E3,0
1,8832,TT,CC,E3E3,0
1,8833,TT,CC,E3E3,0
1,8834,CT,CC,E3E4,1
1,8835,TT,CC,E3E3,0
1,8836,TT,CC,E3E3,0
1,8837,TT,CC,E3E3,0
1,8838,TT,CC,E3E3,0
1,8839,TT,CC,E3E3,0
1,8840,TT,CT,E2E3,0
1,8841,TT,CC,E3E3,0
1,8842,CT,CC,E3E4,1
1,8843,TT,CT,E2E3,0
1,8844,TT,CC,E3E3,0
1,8845,TT,CC,E3E3,0
1,8846,CT,CC,E3E4,1
1,8847,TT,CC,E3E3,0
1,8848,CT,CC,E3E4,1
1,8849,CT,CC,E3E4,1
1,8850,TT,CC,E3E3,0
1,8851,CT,CT,E2E4,1
1,8852,TT,CC,E3E3,0
1,8853,CT,CC,E3E4,1
1,8854,TT,CC,E3E3,0
1,8855,TT,CC,E3E3,0
1,8856,TT,CC,E3E3,0
1,8857,TT,CC,E3E3,0
1,8858,TT,CC,E3E3,0
1,8859,TT,CT,E2E3,0
1,8860,TT,CC,E3E3,0
1,8861,TT,CT,E2E3,0
1,8862,TT,CC,E3E3,0
1,8863,TT,CC,E3E3,0
1,8864,TT,CC,E3E3,0
1,8865,TT,CC,E3E3,0
1,8866,TT,CC,E3E3,0
1,8867,TT,CC,E3E3,0
1,8868,TT,CC,E3E3,0
1,8869,TT,CC,E3E3,0
1,8870,TT,CC,E3E3,0
1,8871,TT,CC,E3E3,0
1,8872,TT,CT,E2E3,0
1,8873,TT,CC,E3E3,0
1,8874,TT,CC,E3E3,0
1,8875,TT,CC,E3E3,0
1,8876,TT,CC,E3E3,0
1,8877,TT,CT,E2E3,0
1,8878,TT,CC,E3E3,0
1,8879,TT,CC,E3E3,0
1,8880,CC,CC,E4E4,1
1,8881,CC,CC,E4E4,1
1,8882,CT,CC,E3E4,1
1,8883,TT,CC,E3E3,0
1,8884,TT,CC,E3E3,0
1,8885,TT,CC,E3E3,0
1,8886, , , , 
1,8887,TT,CC,E3E3,0
1,8888,TT,CC,E3E3,0
1,8889,TT,CC,E3E3,0
1,8890,TT,CT,E2E3,0
1,8891,CT,CC,E3E4,1
1,8892,TT,CC,E3E3,0
1,8893,CT,CC,E3E4,1
1,8894,TT,CC,E3E3,0
1,8895,TT,CC,E3E3,0
1,8896,CT,CC,E3E4,1
1,8897,CT,CC,E3E4,1
1,8898,CT,CC,E3E4,1
1,8899,TT,CC,E3E3,0
1,8900,TT,CC,E3E3,0
1,8901, , , , 
1,8902,TT,CC,E3E3,0
1,8903,TT,CC,E3E3,0
1,8904,TT,CC,E3E3,0
1,8905,TT,CC,E3E3,0
1,8906, , , , 
1,8907,TT,CC,E3E3,0
1,8908,TT,CC,E3E3,0
1,8909,TT,CT,E2E3,0
1,8910,CT,CC,E3E4,1
1,8911,TT,CC,E3E3,0
1,8912,TT,CC,E3E3,0
1,8913,TT,CC,E3E3,0
1,8914,TT,CT,E2E3,0
1,8915,TT,CC,E3E3,0
1,8916,TT,CC,E3E3,0
1,8917,CT,CC,E3E4,1
1,8918,CT,CT,E2E4,1
1,8919,TT,CC,E3E3,0
1,8920,TT,CC,E3E3,0
1,8921,TT,CT,E2E3,0
1,8922,TT,CT,E2E3,0
1,8923,TT,CC,E3E3,0
1,8924,CT,CC,E3E4,1
1,8925,TT,CC,E3E3,0
1,8926,TT,CC,E3E3,0
1,8927,TT,CT,E2E3,0
1,8928,TT,CT,E2E3,0
1,8929,TT,CC,E3E3,0
1,8930,TT,CC,E3E3,0
1,8931,TT,CC,E3E3,0
1,8932,TT,CC,E3E3,0
1,8933,TT,CT,E2E3,0
1,8934,TT,CC,E3E3,0
1,8935,TT,CC,E3E3,0
1,8936,TT,CC,E3E3,0
1,8937,TT,CT,E2E3,0
1,8939, , , , 
1,8940,TT,CC,E3E3,0
1,8941,CT,CC,E3E4,1
1,8942,TT,CC,E3E3,0
1,8943,TT,CC,E3E3,0
1,8944,TT,CC,E3E3,0
1,8945,TT,CC,E3E3,0
1,8946,TT,CT,E2E3,0
1,8947,TT,CC,E3E3,0
1,8948,TT,CC,E3E3,0
1,8949,TT,CC,E3E3,0
1,8950,TT,CC,E3E3,0
1,8951,TT,CC,E3E3,0
1,8952, , , , 
1,8953,TT,CC,E3E3,0
1,8954,TT,CC,E3E3,0
1,8955,TT,CC,E3E3,0
1,8956,CC,CC,E4E4,1
1,8957, , , , 
1,8958,TT,CC,E3E3,0
1,8959,CT,CC,E3E4,1
1,8960,TT,CC,E3E3,0
1,8961,TT,CC,E3E3,0
1,8962,TT,CC,E3E3,0
1,8963, , , , 
1,8964,TT,CC,E3E3,0
1,8965,TT,CC,E3E3,0
1,8966,CT,CC,E3E4,1
1,8967,TT,CC,E3E3,0
1,8968,TT,CC,E3E3,0
1,8969,TT,CC,E3E3,0
1,8970,TT,CC,E3E3,0
1,8971,TT,CC,E3E3,0
1,8972,CT,CC,E3E4,1
1,8973,TT,CC,E3E3,0
1,8974,TT,CC,E3E3,0
1,8975,TT,CC,E3E3,0
1,8976,TT,CT,E2E3,0
1,8977,CT,CC,E3E4,1
1,8978,TT,CC,E3E3,0
1,8979,TT,CC,E3E3,0
1,8980,TT,CC,E3E3,0
1,8981,TT,CC,E3E3,0
1,8982,TT,CC,E3E3,0
1,8983,CT,CC,E3E4,1
1,8984,CT,CC,E3E4,1
1,8985,CT,CC,E3E4,1
1,8986, , , , 
1,8987,TT,CC,E3E3,0
1,8988,TT,CC,E3E3,0
1,8989,TT,CC,E3E3,0
1,8990,TT,CC,E3E3,0
1,8993,TT,CC,E3E3,0
1,9001, , , , 
1,9006,CT,CC,E3E4,1
1,9007,TT,CC,E3E3,0
1,9008,TT,CC,E3E3,0
1,9009,TT,CC,E3E3,0
1,9010,CT,CC,E3E4,1
1,9013,TT,CC,E3E3,0
1,9014,TT,CC,E3E3,0
1,9015,TT,CC,E3E3,0
1,9016,TT,CC,E3E3,0
1,9017,TT,CC,E3E3,0
1,9018,TT,CC,E3E3,0
1,9019,TT,CC,E3E3,0
1,9020,TT,CC,E3E3,0
1,9021,TT,CC,E3E3,0
1,9022, , , , 
1,9024,TT,CC,E3E3,0
1,9025,TT,CC,E3E3,0
1,9026,TT,CC,E3E3,0
1,9027,CT,CC,E3E4,1
1,9028,TT,CC,E3E3,0
1,9029,TT,CC,E3E3,0
1,9030,CT,CC,E3E4,1
1,9031,TT,CC,E3E3,0
1,9032,TT,CC,E3E3,0
1,9033,TT,CC,E3E3,0
1,9034,TT,CC,E3E3,0
1,9035,TT,CC,E3E3,0
1,9037,TT,CC,E3E3,0
1,9041,TT,CC,E3E3,0
1,9042,CT,CC,E3E4,1
1,9043,CT,CC,E3E4,1
1,9044,TT,TT,E2E2,0
1,9045,TT,CC,E3E3,0
1,9046,CT,CC,E3E4,1
1,9047,TT,CC,E3E3,0
1,9048,TT,CT,E2E3,0
1,9049,TT,CC,E3E3,0
1,9050,TT,CC,E3E3,0
1,9051,TT,CC,E3E3,0
1,9052,TT,CC,E3E3,0
1,9053,TT,CC,E3E3,0
1,9054,TT,CC,E3E3,0
1,9055,TT,CC,E3E3,0
1,9056,TT,CT,E2E3,0
1,9057,TT,CC,E3E3,0
1,9058,TT,CC,E3E3,0
1,9059,TT,CC,E3E3,0
1,9060,CT,CC,E3E4,1
1,9061,TT,CC,E3E3,0
1,9062,TT,CC,E3E3,0
1,9063,TT,CC,E3E3,0
1,9064,TT,CC,E3E3,0
1,9065,CC,CC,E4E4,1
1,9066,CT,CT,E2E4,1
1,9067,CT,CC,E3E4,1
1,9068,TT,CC,E3E3,0
1,9069,TT,CC,E3E3,0
1,9070,TT,CC,E3E3,0
1,9071,TT,CC,E3E3,0
1,9072,TT,CC,E3E3,0
1,9074,TT,CT,E2E3,0
1,9075,CT,CC,E3E4,1
1,9076,TT,CC,E3E3,0
1,9077,TT,CC,E3E3,0
1,9078,TT,CC,E3E3,0
1,9079, , , , 
1,9087,TT,CT,E2E3,0
1,9090,CT,CC,E3E4,1
1,9091,TT,CC,E3E3,0
1,9092,TT,CC,E3E3,0
1,9093,CT,CC,E3E4,1
1,9094,TT,CC,E3E3,0
1,9095,TT,CT,E2E3,0
1,9096,TT,CT,E2E3,0
1,9097,TT,CC,E3E3,0
1,9098, , , , 
1,9099,TT,CC,E3E3,0
1,9100,TT,CC,E3E3,0
1,9101,CT,CT,E2E4,1
1,9102,TT,CC,E3E3,0
1,9103, , , , 
1,9104,TT,CC,E3E3,0
1,9105,CT,CC,E3E4,1
1,9106,TT,CC,E3E3,0
1,9107,TT,CC,E3E3,0
1,9108, , , , 
1,9109, , , , 
1,9120,TT,CC,E3E3,0
1,9121,TT,CC,E3E3,0
1,9123,TT,CC,E3E3,0
1,9124,TT,CC,E3E3,0
1,9126,TT,CC,E3E3,0
1,9127,TT,CC,E3E3,0
1,9128,TT,CC,E3E3,0
1,9129, , , , 
1,9130, , , , 
1,9133,TT,CC,E3E3,0
1,9134,CT,CC,E3E4,1
1,9136,TT,CC,E3E3,0
1,9138,TT,CT,E2E3,0
1,9140,TT,CC,E3E3,0
1,9141,CC,CC,E4E4,1
1,9143,TT,CC,E3E3,0
1,9146,CC,CC,E4E4,1
1,9147, , , , 
1,9148,TT,CC,E3E3,0
1,9149,TT,CC,E3E3,0
1,9150,TT,CT,E2E3,0
1,9153,CT,CT,E2E4,1
1,9154,TT,CC,E3E3,0
1,9157,TT,CC,E3E3,0
1,9159,TT,CC,E3E3,0
1,9160,CT,CC,E3E4,1
1,9161,TT,CC,E3E3,0
1,9163,TT,CC,E3E3,0
1,9165,TT,CC,E3E3,0
1,9169,TT,CC,E3E3,0
1,9170,CT,CC,E3E4,1
1,9174,TT,CC,E3E3,0
1,9175,CT,CC,E3E4,1
1,9180,TT,CC,E3E3,0
1,9182,TT,CC,E3E3,0
1,9183,TT,CC,E3E3,0
1,9184,TT,CC,E3E3,0
1,9185,TT,CC,E3E3,0
1,9191,TT,CC,E3E3,0
1,9196,TT,CC,E3E3,0
1,9197,TT,CC,E3E3,0
1,9199,CC,CC,E4E4,1
1,9200,CT,CC,E3E4,1
1,9208,TT,CC,E3E3,0
1,9214,TT,CC,E3E3,0
1,9216,TT,CC,E3E3,0
1,9239,TT,CC,E3E3,0
1,9242,TT,CC,E3E3,0
1,9246,TT,CT,E2E3,0
1,9248,TT,CC,E3E3,0
1,9249,TT,CC,E3E3,0
1,9255,TT,CC,E3E3,0
1,9259, , , , 
1,9260,CT,CC,E3E4,1
1,9262, , , , 
1,9263,CT,CC,E3E4,1
1,9269,CT,CC,E3E4,1
1,9270,CT,CC,E3E4,1
1,9271,TT,CC,E3E3,0
1,9275,TT,CT,E2E3,0
1,9277,CT,CC,E3E4,1
1,9285,TT,CC,E3E3,0
1,9288,TT,CC,E3E3,0
1,9289,CT,CC,E3E4,1
1,9295,TT,CC,E3E3,0
1,9296,TT,CC,E3E3,0
1,9297,TT,CC,E3E3,0
1,9298,CT,CC,E3E4,1
1,9301,CC,CC,E4E4,1
1,9308,TT,CC,E3E3,0
1,9325,CC,CC,E4E4,1
1,9327,CT,CC,E3E4,1
1,9335,TT,CC,E3E3,0
1,9343,TT,CC,E3E3,0
1,9344,TT,CC,E3E3,0
1,9346,TT,CC,E3E3,0
1,9348,CT,CC,E3E4,1
1,9352,TT,CC,E3E3,0
1,9354,CC,CC,E4E4,1
1,9355,TT,CC,E3E3,0
1,9356,TT,CC,E3E3,0
1,9357,CT,CC,E3E4,1
1,9360,TT,CC,E3E3,0
1,9363,CT,CC,E3E4,1
1,9365,TT,CC,E3E3,0
1,9366,TT,CC,E3E3,0
1,9367,TT,CC,E3E3,0
1,9375,TT,CC,E3E3,0
1,9377,TT,CC,E3E3,0
1,9382,TT,CT,E2E3,0
1,9383,TT,CC,E3E3,0
1,9384,TT,CC,E3E3,0
1,9385,CT,CC,E3E4,1
1,9386,TT,CC,E3E3,0
1,9391,TT,CT,E2E3,0
1,9397,CT,CC,E3E4,1
1,9410,TT,CC,E3E3,0
1,9411,TT,CC,E3E3,0
1,9413,TT,CC,E3E3,0
1,9414,TT,CC,E3E3,0
1,9415,TT,CC,E3E3,0
1,9418,TT,CC,E3E3,0
1,9419,TT,CC,E3E3,0
1,9421,CC,CC,E4E4,1
1,9423,CT,CC,E3E4,1
1,9433,CT,CC,E3E4,1
1,9439,CT,CC,E3E4,1
1,9442,TT,CC,E3E3,0
1,9443,TT,CC,E3E3,0
1,9444,TT,CC,E3E3,0
1,9445, , , , 
1,9446,TT,CC,E3E3,0
1,9447,TT,CC,E3E3,0
1,9460, , , , 
1,9464,TT,CC,E3E3,0
1,9467,TT,CC,E3E3,0
1,9469,TT,CC,E3E3,0
1,9472,TT,CC,E3E3,0
1,9482,TT,CC,E3E3,0
1,9483,TT,CC,E3E3,0
1,9489,TT,CC,E3E3,0
1,9490,CT,CC,E3E4,1
1,9496,TT,CC,E3E3,0
1,9497,CT,CC,E3E4,1
1,9499,TT,CC,E3E3,0
1,9501,TT,CC,E3E3,0
1,9503,TT,CC,E3E3,0
1,9508,TT,CC,E3E3,0
1,9509,TT,CC,E3E3,0
1,9510,TT,CC,E3E3,0
1,9511,CT,CC,E3E4,1
1,9512,TT,CT,E2E3,0
1,9514, , , , 
1,9516,CT,CC,E3E4,1
1,9517,TT,CC,E3E3,0
1,9518,TT,CC,E3E3,0
1,9519,TT,CC,E3E3,0
1,9524,TT,CT,E2E3,0
1,9534,TT,CC,E3E3,0
1,9535,TT,CC,E3E3,0
1,9540,TT,CC,E3E3,0
1,9541,TT,CC,E3E3,0
1,9546,TT,CC,E3E3,0
1,9557,TT,CC,E3E3,0
1,9558,TT,CC,E3E3,0
1,9559,TT,CC,E3E3,0
1,9564,TT,CC,E3E3,0
1,9568,TT,CC,E3E3,0
1,9569,TT,CC,E3E3,0
1,9572,TT,CC,E3E3,0
1,9580,TT,CC,E3E3,0
1,9582,TT,CC,E3E3,0
1,9583,TT,CC,E3E3,0
1,9584,TT,CC,E3E3,0
1,9587,TT,CC,E3E3,0
1,9589, , , , 
1,9597,TT,CC,E3E3,0
1,9604,TT,CC,E3E3,0
1,9612,TT,CC,E3E3,0
1,9618,TT,CC,E3E3,0
1,9623,TT,CC,E3E3,0
1,9624,TT,CC,E3E3,0
1,9625,TT,CC,E3E3,0
1,9627,TT,CC,E3E3,0
1,9628,TT,CC,E3E3,0
1,9631,TT,CC,E3E3,0
1,9632,CT,CT,E2E4,1
1,9641,TT,CC,E3E3,0
1,9642,CT,CC,E3E4,1
1,9647,TT,CT,E2E3,0
1,9649,TT,CC,E3E3,0
1,9651,TT,CC,E3E3,0
1,9652,TT,CC,E3E3,0
1,9653,TT,CC,E3E3,0
1,9658,TT,CC,E3E3,0
1,9660,CT,CC,E3E4,1
1,9661,TT,CC,E3E3,0
1,9664,TT,CC,E3E3,0
1,9669,TT,CC,E3E3,0
1,9671,TT,CC,E3E3,0
1,9676,TT,CT,E2E3,0
1,9679,TT,CC,E3E3,0
1,9682,TT,CT,E2E3,0
1,9686,TT,CC,E3E3,0
1,9688,TT,CC,E3E3,0
1,9689,TT,CC,E3E3,0
1,9690,TT,CC,E3E3,0
1,9691,CT,CC,E3E4,1
1,9692,CT,CC,E3E4,1
1,9693,TT,CC,E3E3,0
1,9695,TT,CC,E3E3,0
1,9696,TT,CC,E3E3,0
1,9697,TT,CC,E3E3,0
1,9699,TT,CC,E3E3,0
1,9702,CT,CC,E3E4,1
1,9703,TT,CC,E3E3,0
1,9704,TT,CC,E3E3,0
1,9706,TT,CC,E3E3,0
1,9710,TT,CC,E3E3,0
1,9711,TT,CC,E3E3,0
1,9712,TT,CC,E3E3,0
1,9715,TT,CC,E3E3,0
1,9716,TT,CC,E3E3,0
1,9718,TT,CC,E3E3,0
1,9719,TT,CC,E3E3,0
1,9721, , , , 
1,9722,TT,CC,E3E3,0
1,9725,TT,CC,E3E3,0
1,9726,CT,CC,E3E4,1
1,9729,CT,CC,E3E4,1
1,9730,TT,CC,E3E3,0
1,9733,CT,CC,E3E4,1
1,9738,TT,CC,E3E3,0
1,9739,TT,CC,E3E3,0
1,9740,TT,CC,E3E3,0
1,9744,TT,CC,E3E3,0
1,9749,TT,CC,E3E3,0
1,9750,TT,CC,E3E3,0
1,9752,TT,CC,E3E3,0
1,9758,CT,CC,E3E4,1
1,9761,CT,CC,E3E4,1
1,9762,TT,CC,E3E3,0
1,9763,CT,CC,E3E4,1
1,9765, , , , 
1,9766,CC,CC,E4E4,1
1,9769,TT,CC,E3E3,0
1,9776,CT,CC,E3E4,1
1,9777,CT,CC,E3E4,1
1,9783,CT,CC,E3E4,1
1,9785,TT,CC,E3E3,0
1,9786,TT,CC,E3E3,0
1,9790, , , , 
1,9794,TT,CC,E3E3,0
1,9796,TT,CC,E3E3,0
1,9798, , , , 
1,9804,TT,CC,E3E3,0
1,9806,TT,CC,E3E3,0
1,9809,TT,CC,E3E3,0
1,9812,TT,CC,E3E3,0
1,9813,TT,CC,E3E3,0
1,9815,TT,CC,E3E3,0
1,9817,TT,CC,E3E3,0
1,9819,CT,CC,E3E4,1
1,9820,TT,CC,E3E3,0
1,9821,TT,CC,E3E3,0
1,9823,TT,CT,E2E3,0
1,9825,TT,CC,E3E3,0
1,9826,TT,CC,E3E3,0
1,9827,TT,CC,E3E3,0
1,9839,TT,CT,E2E3,0
1,9840,TT,CC,E3E3,0
1,9843,TT,CC,E3E3,0
1,9844,TT,CC,E3E3,0
1,9846,TT,CT,E2E3,0
1,9847,TT,CC,E3E3,0
1,9849,TT,CC,E3E3,0
1,9851,TT,CC,E3E3,0
1,9854,TT,CC,E3E3,0
1,9855,TT,CC,E3E3,0
1,9856,TT,CC,E3E3,0
1,9857,CT,CT,E2E4,1
1,9859,CT,CC,E3E4,1
1,9862,CT,CC,E3E4,1
1,9864,TT,CC,E3E3,0
1,9865,TT,CC,E3E3,0
1,9867,TT,CC,E3E3,0
1,9869,TT,CC,E3E3,0
1,9871,TT,CC,E3E3,0
1,9876,TT,CC,E3E3,0
1,9877,CT,CC,E3E4,1
1,9878,TT,CT,E2E3,0
1,9879,TT,CC,E3E3,0
1,9880, , , , 
1,9882,TT,CC,E3E3,0
1,9883,TT,CC,E3E3,0
1,9884,TT,CC,E3E3,0
1,9885, , , , 
1,9889,TT,CT,E2E3,0
1,9893,CT,CC,E3E4,1
1,9901,TT,CC,E3E3,0
1,9902,TT,CC,E3E3,0
1,9903,TT,CT,E2E3,0
1,9904,TT,CC,E3E3,0
1,9905,TT,CC,E3E3,0
1,9908,TT,CC,E3E3,0
1,9912,TT,CC,E3E3,0
1,9913, , , , 
1,9916,TT,CC,E3E3,0
1,9917,TT,CC,E3E3,0
1,9918,TT,CC,E3E3,0
1,9919,TT,CC,E3E3,0
1,9922,CT,CC,E3E4,1
1,9923,TT,CC,E3E3,0
1,9924,TT,CC,E3E3,0
1,9926,TT,CC,E3E3,0
1,9927,CT,CC,E3E4,1
1,9928,TT,CC,E3E3,0
1,9929,TT,CC,E3E3,0
1,9930,TT,CC,E3E3,0
1,9932,CT,CC,E3E4,1
1,9936,TT,CT,E2E3,0
1,9939,TT,CC,E3E3,0
1,9942,TT,CC,E3E3,0
1,9943,CT,CC,E3E4,1
1,9944,TT,CC,E3E3,0
1,9947,TT,CC,E3E3,0
1,9948,CT,CC,E3E4,1
1,9949,TT,CC,E3E3,0
1,9950,TT,CC,E3E3,0
1,9952,TT,CC,E3E3,0
1,9954,CT,CC,E3E4,1
1,9955, , , , 
1,9959,TT,CC,E3E3,0
1,9960,TT,CC,E3E3,0
1,9961,TT,CC,E3E3,0
1,9962,TT,CC,E3E3,0
1,9968,TT,CC,E3E3,0
1,9969,CT,CT,E2E4,1
1,9970,CC,CC,E4E4,1
1,9971,TT,CC,E3E3,0
1,9973,CT,CC,E3E4,1
1,9974,CT,CC,E3E4,1
1,9975,CT,CC,E3E4,1
1,9977,TT,CT,E2E3,0
1,9978,TT,CC,E3E3,0
1,9979,TT,CC,E3E3,0
1,9984,TT,CC,E3E3,0
1,9987,TT,CC,E3E3,0
1,9993,CT,CC,E3E4,1
1,9995,TT,CT,E2E3,0
1,9996,TT,CC,E3E3,0
1,9997,TT,CC,E3E3,0
1,9998,TT,CC,E3E3,0
1,9999,TT,CC,E3E3,0
